timestamp,host,device,device_model,matrix_size,batch_size,runtime_s,gpu_kernel_time_s,energy_j_gpu,energy_j_cpu,power_w_gpu,power_w_cpu,qc_status,power_reliable
2025-09-22T20:48:29.647570,rock-tobefilledbyoem,CPU,AMD Ryzen Threadripper 3970X 32-Core Processor,64,60000,0.525888775000567,,,59.06893599999603,,112.23931995896238,QC_CRITICAL_TOO_SHORT,True
2025-09-22T20:48:31.308917,rock-tobefilledbyoem,CPU,AMD Ryzen Threadripper 3970X 32-Core Processor,64,60000,0.5274981440015836,,,59.21861799999897,,112.18649548328708,QC_CRITICAL_TOO_SHORT,True
2025-09-22T20:48:32.940004,rock-tobefilledbyoem,CPU,AMD Ryzen Threadripper 3970X 32-Core Processor,64,60000,0.5569484999996348,,,62.40796599999885,,111.98383251742146,QC_CRITICAL_TOO_SHORT,True
2025-09-22T20:48:34.608468,rock-tobefilledbyoem,CPU,AMD Ryzen Threadripper 3970X 32-Core Processor,64,60000,0.5266480619993672,,,59.19746799999848,,112.32612805856283,QC_CRITICAL_TOO_SHORT,True
2025-09-22T20:48:36.240902,rock-tobefilledbyoem,CPU,AMD Ryzen Threadripper 3970X 32-Core Processor,64,60000,0.5269293000001198,,,59.21483199999784,,112.30478389882786,QC_CRITICAL_TOO_SHORT,True
2025-09-22T20:48:37.879754,rock-tobefilledbyoem,CPU,AMD Ryzen Threadripper 3970X 32-Core Processor,96,60000,0.7754121649995795,,,103.613903999998,,133.56324544201982,QC_CRITICAL_TOO_SHORT,True
2025-09-22T20:48:40.272171,rock-tobefilledbyoem,CPU,AMD Ryzen Threadripper 3970X 32-Core Processor,96,60000,0.7742695470005856,,,103.57197399999859,,133.70821871273625,QC_CRITICAL_TOO_SHORT,True
2025-09-22T20:48:42.663545,rock-tobefilledbyoem,CPU,AMD Ryzen Threadripper 3970X 32-Core Processor,96,60000,0.7692504129990994,,,103.01298400000087,,133.85222799827878,QC_CRITICAL_TOO_SHORT,True
2025-09-22T20:48:44.975411,rock-tobefilledbyoem,CPU,AMD Ryzen Threadripper 3970X 32-Core Processor,96,60000,0.79542114799915,,,106.4686609999917,,133.79342001207348,QC_CRITICAL_TOO_SHORT,True
2025-09-22T20:48:47.395478,rock-tobefilledbyoem,CPU,AMD Ryzen Threadripper 3970X 32-Core Processor,96,60000,0.7792639689996577,,,104.1153420000046,,133.54745099464742,QC_CRITICAL_TOO_SHORT,True
2025-09-22T20:48:49.736508,rock-tobefilledbyoem,CPU,AMD Ryzen Threadripper 3970X 32-Core Processor,128,60000,1.2243982410000172,,,180.9277760000041,,147.72634617425334,QC_PASS,True
2025-09-22T20:48:53.553682,rock-tobefilledbyoem,CPU,AMD Ryzen Threadripper 3970X 32-Core Processor,128,60000,1.2370301319988357,,,182.74799599999824,,147.6862671790438,QC_PASS,True
2025-09-22T20:48:57.380404,rock-tobefilledbyoem,CPU,AMD Ryzen Threadripper 3970X 32-Core Processor,128,60000,1.2330816850007977,,,181.97535999999673,,147.5353097856236,QC_PASS,True
2025-09-22T20:49:01.198324,rock-tobefilledbyoem,CPU,AMD Ryzen Threadripper 3970X 32-Core Processor,128,60000,1.2363040229993203,,,182.51699000000372,,147.58304643354742,QC_PASS,True
2025-09-22T20:49:05.005592,rock-tobefilledbyoem,CPU,AMD Ryzen Threadripper 3970X 32-Core Processor,128,60000,1.2352001059989561,,,182.2225710000057,,147.48259037778405,QC_PASS,True
2025-09-22T20:49:08.840656,rock-tobefilledbyoem,CPU,AMD Ryzen Threadripper 3970X 32-Core Processor,160,32768,1.1722505339985219,,,176.75141799999983,,150.73362828551245,QC_ACCEPTABLE_SHORT,True
2025-09-22T20:49:12.361253,rock-tobefilledbyoem,CPU,AMD Ryzen Threadripper 3970X 32-Core Processor,160,32768,1.1545012250007858,,,174.10238599999866,,150.75600842097992,QC_ACCEPTABLE_SHORT,True
2025-09-22T20:49:15.825864,rock-tobefilledbyoem,CPU,AMD Ryzen Threadripper 3970X 32-Core Processor,160,32768,1.1515358319993538,,,173.78582800000004,,150.8708482840915,QC_ACCEPTABLE_SHORT,True
2025-09-22T20:49:19.275993,rock-tobefilledbyoem,CPU,AMD Ryzen Threadripper 3970X 32-Core Processor,160,32768,1.1547406310000952,,,174.10469000000012,,150.7280923051734,QC_ACCEPTABLE_SHORT,True
2025-09-22T20:49:22.754538,rock-tobefilledbyoem,CPU,AMD Ryzen Threadripper 3970X 32-Core Processor,160,32768,1.1534578090013383,,,174.2464519999994,,151.015046572064,QC_ACCEPTABLE_SHORT,True
2025-09-22T20:49:26.207004,rock-tobefilledbyoem,CPU,AMD Ryzen Threadripper 3970X 32-Core Processor,192,32768,1.6973442719990999,,,261.23670399999537,,153.87688366661945,QC_PASS,True
2025-09-22T20:49:31.280752,rock-tobefilledbyoem,CPU,AMD Ryzen Threadripper 3970X 32-Core Processor,192,32768,1.7012823290006054,,,262.2046399999963,,154.08992607006206,QC_PASS,True
2025-09-22T20:49:36.333241,rock-tobefilledbyoem,CPU,AMD Ryzen Threadripper 3970X 32-Core Processor,192,32768,1.6894638169997052,,,259.9834719999999,,153.85361685817773,QC_PASS,True
2025-09-22T20:49:41.413352,rock-tobefilledbyoem,CPU,AMD Ryzen Threadripper 3970X 32-Core Processor,192,32768,1.6924127379988931,,,260.77060199999687,,154.05021395751768,QC_PASS,True
2025-09-22T20:49:46.454792,rock-tobefilledbyoem,CPU,AMD Ryzen Threadripper 3970X 32-Core Processor,192,32768,1.6943495750001603,,,260.92238799999905,,153.96333677688844,QC_PASS,True
2025-09-22T20:49:51.539240,rock-tobefilledbyoem,CPU,AMD Ryzen Threadripper 3970X 32-Core Processor,224,16384,1.2833487259995309,,,200.49082199999975,,156.1815829327155,QC_PASS,True
2025-09-22T20:49:55.363737,rock-tobefilledbyoem,CPU,AMD Ryzen Threadripper 3970X 32-Core Processor,224,16384,1.3067906230007793,,,203.16707399999723,,155.42940498529632,QC_PASS,True
2025-09-22T20:49:59.227657,rock-tobefilledbyoem,CPU,AMD Ryzen Threadripper 3970X 32-Core Processor,224,16384,1.286905723000018,,,200.9337000000014,,156.09424485734638,QC_PASS,True
2025-09-22T20:50:03.084168,rock-tobefilledbyoem,CPU,AMD Ryzen Threadripper 3970X 32-Core Processor,224,16384,1.2894971360001364,,,201.32040000000416,,156.080309299634,QC_PASS,True
2025-09-22T20:50:06.931446,rock-tobefilledbyoem,CPU,AMD Ryzen Threadripper 3970X 32-Core Processor,224,16384,1.2821795050003857,,,200.35032599999977,,156.2152691811262,QC_PASS,True
2025-09-22T20:50:10.759353,rock-tobefilledbyoem,CPU,AMD Ryzen Threadripper 3970X 32-Core Processor,256,16384,1.8635425499996927,,,293.00120599999354,,157.19851370290067,QC_PASS,True
2025-09-22T20:50:16.322749,rock-tobefilledbyoem,CPU,AMD Ryzen Threadripper 3970X 32-Core Processor,256,16384,1.8584923450016504,,,292.15581999999995,,157.17060805990556,QC_PASS,True
2025-09-22T20:50:21.867781,rock-tobefilledbyoem,CPU,AMD Ryzen Threadripper 3970X 32-Core Processor,256,16384,1.8678022429994598,,,293.4852800000008,,157.09859324880367,QC_PASS,True
2025-09-22T20:50:27.464085,rock-tobefilledbyoem,CPU,AMD Ryzen Threadripper 3970X 32-Core Processor,256,16384,1.8584408719998464,,,292.28410999999323,,157.24172806392025,QC_PASS,True
2025-09-22T20:50:33.019539,rock-tobefilledbyoem,CPU,AMD Ryzen Threadripper 3970X 32-Core Processor,256,16384,1.865197786999488,,,294.2525139999998,,157.72856904537795,QC_PASS,True
2025-09-22T20:50:38.616019,rock-tobefilledbyoem,CPU,AMD Ryzen Threadripper 3970X 32-Core Processor,320,8192,1.6246879509999417,,,261.4117419999966,,160.86410370333027,QC_PASS,True
2025-09-22T20:50:43.467568,rock-tobefilledbyoem,CPU,AMD Ryzen Threadripper 3970X 32-Core Processor,320,8192,1.6199144420006633,,,260.9785699999993,,161.06893594377237,QC_PASS,True
2025-09-22T20:50:48.313238,rock-tobefilledbyoem,CPU,AMD Ryzen Threadripper 3970X 32-Core Processor,320,8192,1.626377020000291,,,261.7664619999996,,160.91382114537473,QC_PASS,True
2025-09-22T20:50:53.163957,rock-tobefilledbyoem,CPU,AMD Ryzen Threadripper 3970X 32-Core Processor,320,8192,1.6226171669986797,,,261.2641979999971,,160.9770559033831,QC_PASS,True
2025-09-22T20:50:58.005994,rock-tobefilledbyoem,CPU,AMD Ryzen Threadripper 3970X 32-Core Processor,320,8192,1.6296160990004864,,,261.67015399999946,,160.53495681185956,QC_PASS,True
2025-09-22T20:51:02.920037,rock-tobefilledbyoem,CPU,AMD Ryzen Threadripper 3970X 32-Core Processor,384,4096,1.3093408080003428,,,212.2744690000036,,162.0758296000056,QC_PASS,True
2025-09-22T20:51:06.829367,rock-tobefilledbyoem,CPU,AMD Ryzen Threadripper 3970X 32-Core Processor,384,4096,1.3161584850004147,,,212.92461200000253,,161.7315111578477,QC_PASS,True
2025-09-22T20:51:10.743013,rock-tobefilledbyoem,CPU,AMD Ryzen Threadripper 3970X 32-Core Processor,384,4096,1.3098358789993654,,,212.22874199999933,,161.98284103151445,QC_PASS,True
2025-09-22T20:51:14.662746,rock-tobefilledbyoem,CPU,AMD Ryzen Threadripper 3970X 32-Core Processor,384,4096,1.3136437019984442,,,212.56771200000367,,161.77143818697684,QC_PASS,True
2025-09-22T20:51:18.574602,rock-tobefilledbyoem,CPU,AMD Ryzen Threadripper 3970X 32-Core Processor,384,4096,1.3134376669986523,,,212.5576099999962,,161.78977016435812,QC_PASS,True
2025-09-22T20:51:22.507961,rock-tobefilledbyoem,CPU,AMD Ryzen Threadripper 3970X 32-Core Processor,448,2048,1.02827286199863,,,167.52783600000112,,162.86342569657322,QC_ACCEPTABLE_SHORT,True
2025-09-22T20:51:25.589102,rock-tobefilledbyoem,CPU,AMD Ryzen Threadripper 3970X 32-Core Processor,448,2048,1.0276395350010716,,,167.30274800000188,,162.7476933001426,QC_ACCEPTABLE_SHORT,True
2025-09-22T20:51:28.662550,rock-tobefilledbyoem,CPU,AMD Ryzen Threadripper 3970X 32-Core Processor,448,2048,1.0294241489991691,,,167.69567400000233,,162.84655974674374,QC_ACCEPTABLE_SHORT,True
2025-09-22T20:51:31.740770,rock-tobefilledbyoem,CPU,AMD Ryzen Threadripper 3970X 32-Core Processor,448,2048,1.0284762259998388,,,167.5650039999964,,162.87112432251772,QC_ACCEPTABLE_SHORT,True
2025-09-22T20:51:34.811992,rock-tobefilledbyoem,CPU,AMD Ryzen Threadripper 3970X 32-Core Processor,448,2048,1.0287315320001653,,,167.50952600000164,,162.77298023552228,QC_ACCEPTABLE_SHORT,True
2025-09-22T20:51:37.887989,rock-tobefilledbyoem,CPU,AMD Ryzen Threadripper 3970X 32-Core Processor,512,2048,1.4805626120014495,,,243.939486999996,,164.72239740707306,QC_PASS,True
2025-09-22T20:51:42.322735,rock-tobefilledbyoem,CPU,AMD Ryzen Threadripper 3970X 32-Core Processor,512,2048,1.4720384320007724,,,242.34788000000117,,164.59529246145917,QC_PASS,True
2025-09-22T20:51:46.734826,rock-tobefilledbyoem,CPU,AMD Ryzen Threadripper 3970X 32-Core Processor,512,2048,1.4728379909993237,,,242.48753700000816,,164.60118813305382,QC_PASS,True
2025-09-22T20:51:51.155157,rock-tobefilledbyoem,CPU,AMD Ryzen Threadripper 3970X 32-Core Processor,512,2048,1.4724661010004638,,,242.71306500000355,,164.79504572831277,QC_PASS,True
2025-09-22T20:51:55.568948,rock-tobefilledbyoem,CPU,AMD Ryzen Threadripper 3970X 32-Core Processor,512,2048,1.4738281840000127,,,242.66539799999737,,164.6109786423729,QC_PASS,True
2025-09-22T20:51:59.990593,rock-tobefilledbyoem,CPU,AMD Ryzen Threadripper 3970X 32-Core Processor,640,1024,1.4328611239998281,,,238.17275599999994,,166.17584090157933,QC_PASS,True
2025-09-22T20:52:04.311756,rock-tobefilledbyoem,CPU,AMD Ryzen Threadripper 3970X 32-Core Processor,640,1024,1.4360563420013932,,,238.314916000003,,165.90425842500562,QC_PASS,True
2025-09-22T20:52:08.621182,rock-tobefilledbyoem,CPU,AMD Ryzen Threadripper 3970X 32-Core Processor,640,1024,1.4344540929996583,,,238.31110200000694,,166.08683236877405,QC_PASS,True
2025-09-22T20:52:12.923814,rock-tobefilledbyoem,CPU,AMD Ryzen Threadripper 3970X 32-Core Processor,640,1024,1.4305207849993167,,,237.74167399998987,,166.14653804123824,QC_PASS,True
2025-09-22T20:52:17.218922,rock-tobefilledbyoem,CPU,AMD Ryzen Threadripper 3970X 32-Core Processor,640,1024,1.4307738509996852,,,237.92434199999843,,166.24557084555076,QC_PASS,True
2025-09-22T20:52:21.506933,rock-tobefilledbyoem,CPU,AMD Ryzen Threadripper 3970X 32-Core Processor,768,512,1.1581929170006333,,,193.4075700000103,,166.93237897980254,QC_ACCEPTABLE_SHORT,True
2025-09-22T20:52:25.039956,rock-tobefilledbyoem,CPU,AMD Ryzen Threadripper 3970X 32-Core Processor,768,512,1.157554050001636,,,193.66521799999464,,167.2501362291156,QC_ACCEPTABLE_SHORT,True
2025-09-22T20:52:28.555613,rock-tobefilledbyoem,CPU,AMD Ryzen Threadripper 3970X 32-Core Processor,768,512,1.1534875209999882,,,192.52279000000271,,166.8493645932036,QC_ACCEPTABLE_SHORT,True
2025-09-22T20:52:32.043286,rock-tobefilledbyoem,CPU,AMD Ryzen Threadripper 3970X 32-Core Processor,768,512,1.1570855879999726,,,192.90866400000232,,166.51759177670735,QC_ACCEPTABLE_SHORT,True
2025-09-22T20:52:35.542676,rock-tobefilledbyoem,CPU,AMD Ryzen Threadripper 3970X 32-Core Processor,768,512,1.1571922399998584,,,192.95016599999508,,166.6798770827712,QC_ACCEPTABLE_SHORT,True
2025-09-22T20:52:39.052548,rock-tobefilledbyoem,CPU,AMD Ryzen Threadripper 3970X 32-Core Processor,896,512,1.8207672429998638,,,305.5563120000006,,167.77640490398358,QC_PASS,True
2025-09-22T20:52:44.646030,rock-tobefilledbyoem,CPU,AMD Ryzen Threadripper 3970X 32-Core Processor,896,512,1.8194635809995816,,,305.43488799998886,,167.8306777624174,QC_PASS,True
2025-09-22T20:52:50.220075,rock-tobefilledbyoem,CPU,AMD Ryzen Threadripper 3970X 32-Core Processor,896,512,1.8181950689995574,,,305.53635400001076,,168.00069594045848,QC_PASS,True
2025-09-22T20:52:55.782965,rock-tobefilledbyoem,CPU,AMD Ryzen Threadripper 3970X 32-Core Processor,896,512,1.8209020550002606,,,305.572880000007,,167.76961673247922,QC_PASS,True
2025-09-22T20:53:01.364056,rock-tobefilledbyoem,CPU,AMD Ryzen Threadripper 3970X 32-Core Processor,896,512,1.826863840000442,,,306.2981259999942,,167.62267952801693,QC_PASS,True
2025-09-22T20:53:06.956037,rock-tobefilledbyoem,CPU,AMD Ryzen Threadripper 3970X 32-Core Processor,1024,256,1.3767278850009461,,,230.31889799999772,,167.23106088607918,QC_PASS,True
2025-09-22T20:53:11.329536,rock-tobefilledbyoem,CPU,AMD Ryzen Threadripper 3970X 32-Core Processor,1024,256,1.3687840990005498,,,228.93368800000462,,167.1930887982335,QC_PASS,True
2025-09-22T20:53:15.645496,rock-tobefilledbyoem,CPU,AMD Ryzen Threadripper 3970X 32-Core Processor,1024,256,1.3726992749998317,,,229.40546399999585,,167.0604286953547,QC_PASS,True
2025-09-22T20:53:19.936564,rock-tobefilledbyoem,CPU,AMD Ryzen Threadripper 3970X 32-Core Processor,1024,256,1.3829432869988523,,,231.02256800000032,,166.98769480922056,QC_PASS,True
2025-09-22T20:53:24.258958,rock-tobefilledbyoem,CPU,AMD Ryzen Threadripper 3970X 32-Core Processor,1024,256,1.3730284619996382,,,229.3768420000124,,166.99832577256979,QC_PASS,True
2025-09-22T20:53:28.547334,rock-tobefilledbyoem,CPU,AMD Ryzen Threadripper 3970X 32-Core Processor,1152,256,1.913813287999801,,,322.87420200000633,,168.65507499876742,QC_PASS,True
2025-09-22T20:53:34.473998,rock-tobefilledbyoem,CPU,AMD Ryzen Threadripper 3970X 32-Core Processor,1152,128,0.9649463209989335,,,162.27514599999995,,168.071932671812,QC_CRITICAL_TOO_SHORT,True
2025-09-22T20:53:37.454308,rock-tobefilledbyoem,CPU,AMD Ryzen Threadripper 3970X 32-Core Processor,1152,256,1.9064905369996268,,,321.88575799998944,,168.78753188158643,QC_PASS,True
2025-09-22T20:53:43.418989,rock-tobefilledbyoem,CPU,AMD Ryzen Threadripper 3970X 32-Core Processor,1152,256,1.9061678580001171,,,321.4680849999859,,168.5986254030891,QC_PASS,True
2025-09-22T20:53:49.331377,rock-tobefilledbyoem,CPU,AMD Ryzen Threadripper 3970X 32-Core Processor,1152,256,1.9059854429997358,,,321.48340399998415,,168.62196657597318,QC_PASS,True
2025-09-22T20:53:55.245404,rock-tobefilledbyoem,CPU,AMD Ryzen Threadripper 3970X 32-Core Processor,1280,128,1.3172783569989406,,,223.45405200000096,,169.5621573205717,QC_PASS,True
2025-09-22T20:53:59.326781,rock-tobefilledbyoem,CPU,AMD Ryzen Threadripper 3970X 32-Core Processor,1280,128,1.3344200479987194,,,225.13060000000405,,168.6355402148338,QC_PASS,True
2025-09-22T20:54:03.484482,rock-tobefilledbyoem,CPU,AMD Ryzen Threadripper 3970X 32-Core Processor,1280,128,1.3190360490007151,,,223.1865770000004,,169.12716889064643,QC_PASS,True
2025-09-22T20:54:07.572298,rock-tobefilledbyoem,CPU,AMD Ryzen Threadripper 3970X 32-Core Processor,1280,128,1.3300814109989005,,,224.5228439999919,,168.73228949163575,QC_PASS,True
2025-09-22T20:54:11.680547,rock-tobefilledbyoem,CPU,AMD Ryzen Threadripper 3970X 32-Core Processor,1280,128,1.3209779759999947,,,223.55273999999918,,169.16135429216757,QC_PASS,True
2025-09-22T20:54:15.776250,rock-tobefilledbyoem,CPU,AMD Ryzen Threadripper 3970X 32-Core Processor,1408,128,1.755907524999202,,,295.8176780000067,,168.41434681996643,QC_PASS,True
2025-09-22T20:54:21.192752,rock-tobefilledbyoem,CPU,AMD Ryzen Threadripper 3970X 32-Core Processor,1408,128,1.7556535980002081,,,296.2491139999911,,168.68659210759225,QC_PASS,True
2025-09-22T20:54:26.610906,rock-tobefilledbyoem,CPU,AMD Ryzen Threadripper 3970X 32-Core Processor,1408,128,1.7561234590011736,,,295.9779189999972,,168.48438074216978,QC_PASS,True
2025-09-22T20:54:32.022001,rock-tobefilledbyoem,CPU,AMD Ryzen Threadripper 3970X 32-Core Processor,1408,128,1.7552224560004106,,,296.032297999991,,168.6038644482426,QC_PASS,True
2025-09-22T20:54:37.431221,rock-tobefilledbyoem,CPU,AMD Ryzen Threadripper 3970X 32-Core Processor,1408,128,1.7546925220012781,,,296.11176200000045,,168.70091088932878,QC_PASS,True
2025-09-22T20:54:42.839806,rock-tobefilledbyoem,CPU,AMD Ryzen Threadripper 3970X 32-Core Processor,1536,64,1.14795917399897,,,194.11868600000162,,169.01274257603157,QC_ACCEPTABLE_SHORT,True
2025-09-22T20:54:46.352379,rock-tobefilledbyoem,CPU,AMD Ryzen Threadripper 3970X 32-Core Processor,1536,64,1.1329351740005222,,,191.87420199999178,,169.2764349247392,QC_ACCEPTABLE_SHORT,True
2025-09-22T20:54:49.831596,rock-tobefilledbyoem,CPU,AMD Ryzen Threadripper 3970X 32-Core Processor,1536,64,1.1230463399988366,,,190.4828850000049,,169.52486740494246,QC_ACCEPTABLE_SHORT,True
2025-09-22T20:54:53.299414,rock-tobefilledbyoem,CPU,AMD Ryzen Threadripper 3970X 32-Core Processor,1536,64,1.1269529959990905,,,191.28489199999603,,169.6457487108822,QC_ACCEPTABLE_SHORT,True
2025-09-22T20:54:56.771263,rock-tobefilledbyoem,CPU,AMD Ryzen Threadripper 3970X 32-Core Processor,1536,64,1.1275378899990756,,,191.39049299999897,,169.65407917536257,QC_ACCEPTABLE_SHORT,True
