timestamp,host,device,device_model,matrix_size,batch_size,runtime_s,gpu_kernel_time_s,energy_j_gpu,energy_j_cpu,power_w_gpu,power_w_cpu,qc_status,power_reliable
2025-09-23T09:45:39.669568,rock-tobefilledbyoem,CPU,AMD Ryzen Threadripper 3970X 32-Core Processor,64,60000,0.5259690569999975,,,59.05489900000248,,112.1969760724983,QC_CRITICAL_TOO_SHORT,True
2025-09-23T09:45:41.307741,rock-tobefilledbyoem,CPU,AMD Ryzen Threadripper 3970X 32-Core Processor,64,60000,0.5264735800000153,,,59.1259080000018,,112.22984404120014,QC_CRITICAL_TOO_SHORT,True
2025-09-23T09:45:42.943090,rock-tobefilledbyoem,CPU,AMD Ryzen Threadripper 3970X 32-Core Processor,64,60000,0.523613408999978,,,58.94170000000304,,112.49278060136578,QC_CRITICAL_TOO_SHORT,True
2025-09-23T09:45:44.574390,rock-tobefilledbyoem,CPU,AMD Ryzen Threadripper 3970X 32-Core Processor,64,60000,0.527180412000007,,,59.323302999997395,,112.45623696984198,QC_CRITICAL_TOO_SHORT,True
2025-09-23T09:45:46.214575,rock-tobefilledbyoem,CPU,AMD Ryzen Threadripper 3970X 32-Core Processor,64,60000,0.5267942080000125,,,59.302048000005016,,112.49771656967336,QC_CRITICAL_TOO_SHORT,True
2025-09-23T09:45:47.850621,rock-tobefilledbyoem,CPU,AMD Ryzen Threadripper 3970X 32-Core Processor,96,60000,0.776600075999994,,,103.79034799999499,,133.58651008996677,QC_CRITICAL_TOO_SHORT,True
2025-09-23T09:45:50.308376,rock-tobefilledbyoem,CPU,AMD Ryzen Threadripper 3970X 32-Core Processor,96,60000,0.7696152470000186,,,102.99229200000264,,133.76258769631283,QC_CRITICAL_TOO_SHORT,True
2025-09-23T09:45:52.617005,rock-tobefilledbyoem,CPU,AMD Ryzen Threadripper 3970X 32-Core Processor,96,60000,0.7769858670000076,,,103.88729600000079,,133.64629619141843,QC_CRITICAL_TOO_SHORT,True
2025-09-23T09:45:55.016870,rock-tobefilledbyoem,CPU,AMD Ryzen Threadripper 3970X 32-Core Processor,96,60000,0.7695897389999686,,,103.132239999999,,133.94977969851044,QC_CRITICAL_TOO_SHORT,True
2025-09-23T09:45:57.338022,rock-tobefilledbyoem,CPU,AMD Ryzen Threadripper 3970X 32-Core Processor,96,60000,0.777183722000018,,,103.93471799999679,,133.67103141825962,QC_CRITICAL_TOO_SHORT,True
2025-09-23T09:45:59.740762,rock-tobefilledbyoem,CPU,AMD Ryzen Threadripper 3970X 32-Core Processor,128,32768,1.1008242539999742,,,169.11878799999977,,153.58089657904645,QC_ACCEPTABLE_SHORT,True
2025-09-23T09:46:02.989259,rock-tobefilledbyoem,CPU,AMD Ryzen Threadripper 3970X 32-Core Processor,128,32768,1.1531927320000364,,,177.37110799999937,,153.76087927710878,QC_ACCEPTABLE_SHORT,True
2025-09-23T09:46:06.367832,rock-tobefilledbyoem,CPU,AMD Ryzen Threadripper 3970X 32-Core Processor,128,32768,1.1276878220000413,,,173.36066199999914,,153.68467617159865,QC_ACCEPTABLE_SHORT,True
2025-09-23T09:46:09.626099,rock-tobefilledbyoem,CPU,AMD Ryzen Threadripper 3970X 32-Core Processor,128,32768,1.16533069999997,,,178.739840000002,,153.33688687926247,QC_ACCEPTABLE_SHORT,True
2025-09-23T09:46:12.990658,rock-tobefilledbyoem,CPU,AMD Ryzen Threadripper 3970X 32-Core Processor,128,32768,1.089905409000039,,,168.23892000000342,,154.31232197955967,QC_ACCEPTABLE_SHORT,True
2025-09-23T09:46:16.210678,rock-tobefilledbyoem,CPU,AMD Ryzen Threadripper 3970X 32-Core Processor,160,32768,1.7699653749999698,,,281.61609699999826,,159.07569086296704,QC_PASS,True
2025-09-23T09:46:21.503628,rock-tobefilledbyoem,CPU,AMD Ryzen Threadripper 3970X 32-Core Processor,160,32768,1.8193932420000465,,,288.2499239999961,,158.40126356597565,QC_PASS,True
2025-09-23T09:46:26.768800,rock-tobefilledbyoem,CPU,AMD Ryzen Threadripper 3970X 32-Core Processor,160,32768,1.7593009389999565,,,279.91237399999955,,159.07477756582207,QC_PASS,True
2025-09-23T09:46:31.996269,rock-tobefilledbyoem,CPU,AMD Ryzen Threadripper 3970X 32-Core Processor,160,32768,1.8133660529999815,,,287.5437840000013,,158.54035543616504,QC_PASS,True
2025-09-23T09:46:37.223662,rock-tobefilledbyoem,CPU,AMD Ryzen Threadripper 3970X 32-Core Processor,160,32768,1.7344765739999843,,,276.60648400000355,,159.4436650045535,QC_PASS,True
2025-09-23T09:46:42.428911,rock-tobefilledbyoem,CPU,AMD Ryzen Threadripper 3970X 32-Core Processor,192,32768,2.072704282000018,,,343.00865799999883,,165.45747024166292,QC_PASS,True
2025-09-23T09:46:48.528012,rock-tobefilledbyoem,CPU,AMD Ryzen Threadripper 3970X 32-Core Processor,192,16384,1.0314305250000189,,,171.98155399999814,,166.68212809219213,QC_ACCEPTABLE_SHORT,True
2025-09-23T09:46:51.651142,rock-tobefilledbyoem,CPU,AMD Ryzen Threadripper 3970X 32-Core Processor,192,16384,1.0447316159999787,,,172.74137199999677,,165.28930563874795,QC_ACCEPTABLE_SHORT,True
2025-09-23T09:46:54.720991,rock-tobefilledbyoem,CPU,AMD Ryzen Threadripper 3970X 32-Core Processor,192,16384,1.0335054619999937,,,170.98892999999953,,165.38922895281846,QC_ACCEPTABLE_SHORT,True
2025-09-23T09:46:57.856936,rock-tobefilledbyoem,CPU,AMD Ryzen Threadripper 3970X 32-Core Processor,192,16384,1.0502743759999476,,,173.58541400000104,,165.21916221293665,QC_ACCEPTABLE_SHORT,True
2025-09-23T09:47:00.935328,rock-tobefilledbyoem,CPU,AMD Ryzen Threadripper 3970X 32-Core Processor,224,16384,1.5927602529999945,,,267.40416999999434,,167.8513377870003,QC_PASS,True
2025-09-23T09:47:05.814550,rock-tobefilledbyoem,CPU,AMD Ryzen Threadripper 3970X 32-Core Processor,224,16384,1.6245727059999808,,,272.32402100000763,,167.57722516890232,QC_PASS,True
2025-09-23T09:47:10.654951,rock-tobefilledbyoem,CPU,AMD Ryzen Threadripper 3970X 32-Core Processor,224,16384,1.597748523000007,,,267.6373139999996,,167.47447347936753,QC_PASS,True
2025-09-23T09:47:15.477627,rock-tobefilledbyoem,CPU,AMD Ryzen Threadripper 3970X 32-Core Processor,224,16384,1.601465539000003,,,268.41501199999766,,167.57203079035526,QC_PASS,True
2025-09-23T09:47:20.260462,rock-tobefilledbyoem,CPU,AMD Ryzen Threadripper 3970X 32-Core Processor,224,16384,1.6171967459999905,,,270.74765599999955,,167.38253225257554,QC_PASS,True
2025-09-23T09:47:25.094221,rock-tobefilledbyoem,CPU,AMD Ryzen Threadripper 3970X 32-Core Processor,256,16384,1.8666622730000313,,,328.21294599999965,,175.79699496392595,QC_PASS,True
2025-09-23T09:47:30.639446,rock-tobefilledbyoem,CPU,AMD Ryzen Threadripper 3970X 32-Core Processor,256,16384,1.8723596359999988,,,328.8184140000012,,175.5856530258393,QC_PASS,True
2025-09-23T09:47:36.217412,rock-tobefilledbyoem,CPU,AMD Ryzen Threadripper 3970X 32-Core Processor,256,16384,1.9105701299999964,,,334.59893799999554,,175.0991238579809,QC_PASS,True
2025-09-23T09:47:41.840516,rock-tobefilledbyoem,CPU,AMD Ryzen Threadripper 3970X 32-Core Processor,256,16384,1.8725615569999832,,,328.75887800000055,,175.53431216379045,QC_PASS,True
2025-09-23T09:47:47.435374,rock-tobefilledbyoem,CPU,AMD Ryzen Threadripper 3970X 32-Core Processor,256,16384,1.8569958500000325,,,326.5059739999997,,175.79280372982538,QC_PASS,True
2025-09-23T09:47:52.964931,rock-tobefilledbyoem,CPU,AMD Ryzen Threadripper 3970X 32-Core Processor,320,8192,1.5909970320000184,,,286.64084799999546,,180.1256083462231,QC_PASS,True
2025-09-23T09:47:57.757827,rock-tobefilledbyoem,CPU,AMD Ryzen Threadripper 3970X 32-Core Processor,320,8192,1.5540547609999749,,,282.7671459999983,,181.91163518748226,QC_PASS,True
2025-09-23T09:48:02.447119,rock-tobefilledbyoem,CPU,AMD Ryzen Threadripper 3970X 32-Core Processor,320,8192,1.5242181940000137,,,277.58088999999745,,182.07315103257773,QC_PASS,True
2025-09-23T09:48:07.102640,rock-tobefilledbyoem,CPU,AMD Ryzen Threadripper 3970X 32-Core Processor,320,8192,1.5561488220000115,,,282.96974000000046,,181.80009670242882,QC_PASS,True
2025-09-23T09:48:11.784304,rock-tobefilledbyoem,CPU,AMD Ryzen Threadripper 3970X 32-Core Processor,320,8192,1.5164878119999798,,,276.3555500000075,,182.1975300933934,QC_PASS,True
2025-09-23T09:48:16.433752,rock-tobefilledbyoem,CPU,AMD Ryzen Threadripper 3970X 32-Core Processor,384,4096,1.173118164000016,,,218.75080199999502,,186.41588180179673,QC_ACCEPTABLE_SHORT,True
2025-09-23T09:48:19.948849,rock-tobefilledbyoem,CPU,AMD Ryzen Threadripper 3970X 32-Core Processor,384,4096,1.154709897000032,,,215.94204799999716,,186.95627512626456,QC_ACCEPTABLE_SHORT,True
2025-09-23T09:48:23.466592,rock-tobefilledbyoem,CPU,AMD Ryzen Threadripper 3970X 32-Core Processor,384,4096,1.1666185800000335,,,218.04316799998924,,186.84269675667164,QC_ACCEPTABLE_SHORT,True
2025-09-23T09:48:26.996898,rock-tobefilledbyoem,CPU,AMD Ryzen Threadripper 3970X 32-Core Processor,384,4096,1.1557086210000307,,,216.06990999999107,,186.9047427579565,QC_ACCEPTABLE_SHORT,True
2025-09-23T09:48:30.502367,rock-tobefilledbyoem,CPU,AMD Ryzen Threadripper 3970X 32-Core Processor,384,4096,1.1686200530000406,,,218.40148600000248,,186.83203244402503,QC_ACCEPTABLE_SHORT,True
2025-09-23T09:48:34.016013,rock-tobefilledbyoem,CPU,AMD Ryzen Threadripper 3970X 32-Core Processor,448,4096,1.7352152740000406,,,330.77230599999893,,190.58609087940908,QC_PASS,True
2025-09-23T09:48:39.174960,rock-tobefilledbyoem,CPU,AMD Ryzen Threadripper 3970X 32-Core Processor,448,4096,1.7305354780000357,,,330.08024999999907,,190.69875532765192,QC_PASS,True
2025-09-23T09:48:44.300281,rock-tobefilledbyoem,CPU,AMD Ryzen Threadripper 3970X 32-Core Processor,448,4096,1.751533849999987,,,333.22602200000256,,190.21007237711606,QC_PASS,True
2025-09-23T09:48:49.451892,rock-tobefilledbyoem,CPU,AMD Ryzen Threadripper 3970X 32-Core Processor,448,4096,1.7471027569999933,,,332.40372200000274,,190.22043231658182,QC_PASS,True
2025-09-23T09:48:54.598289,rock-tobefilledbyoem,CPU,AMD Ryzen Threadripper 3970X 32-Core Processor,448,4096,1.7555173289999857,,,333.47126500000013,,189.9191898364996,QC_PASS,True
2025-09-23T09:48:59.767002,rock-tobefilledbyoem,CPU,AMD Ryzen Threadripper 3970X 32-Core Processor,512,2048,1.2689195439999708,,,243.34270000000834,,191.71891084269552,QC_PASS,True
2025-09-23T09:49:03.602995,rock-tobefilledbyoem,CPU,AMD Ryzen Threadripper 3970X 32-Core Processor,512,2048,1.2456936280000264,,,239.24846000000252,,192.00915188361037,QC_PASS,True
2025-09-23T09:49:07.336101,rock-tobefilledbyoem,CPU,AMD Ryzen Threadripper 3970X 32-Core Processor,512,2048,1.234105790000001,,,237.93062599998666,,192.74517011162206,QC_PASS,True
2025-09-23T09:49:11.048958,rock-tobefilledbyoem,CPU,AMD Ryzen Threadripper 3970X 32-Core Processor,512,2048,1.2578960850000271,,,240.97221799999534,,191.51803434584932,QC_PASS,True
2025-09-23T09:49:14.819221,rock-tobefilledbyoem,CPU,AMD Ryzen Threadripper 3970X 32-Core Processor,512,2048,1.278892983999981,,,243.86119800001325,,190.6329703651354,QC_PASS,True
2025-09-23T09:49:18.678379,rock-tobefilledbyoem,CPU,AMD Ryzen Threadripper 3970X 32-Core Processor,640,1024,1.03798199900001,,,209.36105999999563,,201.63100765325606,QC_ACCEPTABLE_SHORT,True
2025-09-23T09:49:21.761614,rock-tobefilledbyoem,CPU,AMD Ryzen Threadripper 3970X 32-Core Processor,640,1024,1.0342758839999533,,,208.81326599999738,,201.82914562175412,QC_ACCEPTABLE_SHORT,True
2025-09-23T09:49:24.838030,rock-tobefilledbyoem,CPU,AMD Ryzen Threadripper 3970X 32-Core Processor,640,1024,1.040688997000018,,,209.55724799999734,,201.29647448119073,QC_ACCEPTABLE_SHORT,True
2025-09-23T09:49:27.928886,rock-tobefilledbyoem,CPU,AMD Ryzen Threadripper 3970X 32-Core Processor,640,1024,1.0341461300000105,,,208.84433200000785,,201.88450735085385,QC_ACCEPTABLE_SHORT,True
2025-09-23T09:49:31.022922,rock-tobefilledbyoem,CPU,AMD Ryzen Threadripper 3970X 32-Core Processor,640,1024,1.0368547410000133,,,209.18968199999654,,201.68658428116268,QC_ACCEPTABLE_SHORT,True
2025-09-23T09:49:34.118656,rock-tobefilledbyoem,CPU,AMD Ryzen Threadripper 3970X 32-Core Processor,768,1024,1.6850654190000114,,,345.01378799999657,,204.7048907497181,QC_PASS,True
2025-09-23T09:49:39.171922,rock-tobefilledbyoem,CPU,AMD Ryzen Threadripper 3970X 32-Core Processor,768,1024,1.6665788139999904,,,341.34755200000654,,204.77411608391242,QC_PASS,True
2025-09-23T09:49:44.200468,rock-tobefilledbyoem,CPU,AMD Ryzen Threadripper 3970X 32-Core Processor,768,1024,1.6521736539999665,,,339.48430599999847,,205.43300446747241,QC_PASS,True
2025-09-23T09:49:49.219753,rock-tobefilledbyoem,CPU,AMD Ryzen Threadripper 3970X 32-Core Processor,768,1024,1.665048420000005,,,341.41017000000284,,205.00249085618145,QC_PASS,True
2025-09-23T09:49:54.217657,rock-tobefilledbyoem,CPU,AMD Ryzen Threadripper 3970X 32-Core Processor,768,1024,1.6550658249999515,,,339.9676780000009,,205.3640917432109,QC_PASS,True
2025-09-23T09:49:59.238185,rock-tobefilledbyoem,CPU,AMD Ryzen Threadripper 3970X 32-Core Processor,896,512,1.2779344130000254,,,265.9664400000038,,208.0623504051227,QC_PASS,True
2025-09-23T09:50:03.067238,rock-tobefilledbyoem,CPU,AMD Ryzen Threadripper 3970X 32-Core Processor,896,512,1.2902158859999986,,,267.9342329999927,,207.60286185240008,QC_PASS,True
2025-09-23T09:50:06.897704,rock-tobefilledbyoem,CPU,AMD Ryzen Threadripper 3970X 32-Core Processor,896,512,1.2788178579999112,,,266.3015060000034,,208.17680777964875,QC_PASS,True
2025-09-23T09:50:10.717295,rock-tobefilledbyoem,CPU,AMD Ryzen Threadripper 3970X 32-Core Processor,896,512,1.2855765779999047,,,267.2652620000008,,207.83295410631524,QC_PASS,True
2025-09-23T09:50:14.531697,rock-tobefilledbyoem,CPU,AMD Ryzen Threadripper 3970X 32-Core Processor,896,512,1.2799047679999376,,,266.36427599999297,,208.0480567862215,QC_PASS,True
2025-09-23T09:50:18.358111,rock-tobefilledbyoem,CPU,AMD Ryzen Threadripper 3970X 32-Core Processor,1024,256,1.0085440480000898,,,205.22876699999324,,203.41036236889775,QC_ACCEPTABLE_SHORT,True
2025-09-23T09:50:21.423034,rock-tobefilledbyoem,CPU,AMD Ryzen Threadripper 3970X 32-Core Processor,1024,512,2.0032747950000385,,,407.18428099999437,,203.20917492743988,QC_PASS,True
2025-09-23T09:50:27.424289,rock-tobefilledbyoem,CPU,AMD Ryzen Threadripper 3970X 32-Core Processor,1024,256,0.99839707000001,,,203.35718999999517,,203.6019686343655,QC_CRITICAL_TOO_SHORT,True
2025-09-23T09:50:30.473667,rock-tobefilledbyoem,CPU,AMD Ryzen Threadripper 3970X 32-Core Processor,1024,256,1.008729872999993,,,204.6455139999889,,202.79339522917638,QC_ACCEPTABLE_SHORT,True
2025-09-23T09:50:33.518965,rock-tobefilledbyoem,CPU,AMD Ryzen Threadripper 3970X 32-Core Processor,1024,256,0.9951080139999249,,,202.6969459999964,,203.59289828543876,QC_CRITICAL_TOO_SHORT,True
2025-09-23T09:50:36.581625,rock-tobefilledbyoem,CPU,AMD Ryzen Threadripper 3970X 32-Core Processor,1152,256,1.216967856999986,,,261.58199199999217,,214.85599198705398,QC_PASS,True
2025-09-23T09:50:40.258717,rock-tobefilledbyoem,CPU,AMD Ryzen Threadripper 3970X 32-Core Processor,1152,256,1.2142793000000438,,,261.49508200000855,,215.2653124778217,QC_PASS,True
2025-09-23T09:50:43.932893,rock-tobefilledbyoem,CPU,AMD Ryzen Threadripper 3970X 32-Core Processor,1152,256,1.2002776210000548,,,259.2993359999964,,215.9394550453336,QC_PASS,True
2025-09-23T09:50:47.575842,rock-tobefilledbyoem,CPU,AMD Ryzen Threadripper 3970X 32-Core Processor,1152,256,1.2029172510000308,,,259.78106000000844,,215.87031692406157,QC_PASS,True
2025-09-23T09:50:51.231134,rock-tobefilledbyoem,CPU,AMD Ryzen Threadripper 3970X 32-Core Processor,1152,256,1.2103297679999514,,,260.8341059999948,,215.41654361119163,QC_PASS,True
2025-09-23T09:50:54.893180,rock-tobefilledbyoem,CPU,AMD Ryzen Threadripper 3970X 32-Core Processor,1280,256,1.676599968000005,,,362.9594100000104,,216.4139670254918,QC_PASS,True
2025-09-23T09:51:00.002140,rock-tobefilledbyoem,CPU,AMD Ryzen Threadripper 3970X 32-Core Processor,1280,256,1.643507480999915,,,357.0527619999921,,217.17528907376965,QC_PASS,True
2025-09-23T09:51:05.035378,rock-tobefilledbyoem,CPU,AMD Ryzen Threadripper 3970X 32-Core Processor,1280,256,1.6439001310000094,,,357.4093120000034,,217.34336182260728,QC_PASS,True
2025-09-23T09:51:10.072329,rock-tobefilledbyoem,CPU,AMD Ryzen Threadripper 3970X 32-Core Processor,1280,256,1.6459634429999142,,,357.25248999999894,,216.97394621614563,QC_PASS,True
2025-09-23T09:51:15.136466,rock-tobefilledbyoem,CPU,AMD Ryzen Threadripper 3970X 32-Core Processor,1280,256,1.6411811259999922,,,356.6512640000001,,217.23957052904538,QC_PASS,True
2025-09-23T09:51:20.165151,rock-tobefilledbyoem,CPU,AMD Ryzen Threadripper 3970X 32-Core Processor,1408,128,1.0912561810000625,,,235.7801039999904,,215.95522752763821,QC_ACCEPTABLE_SHORT,True
2025-09-23T09:51:23.418841,rock-tobefilledbyoem,CPU,AMD Ryzen Threadripper 3970X 32-Core Processor,1408,128,1.0808369210000137,,,234.6583360000077,,216.99467960893352,QC_ACCEPTABLE_SHORT,True
2025-09-23T09:51:26.660274,rock-tobefilledbyoem,CPU,AMD Ryzen Threadripper 3970X 32-Core Processor,1408,128,1.084350398999959,,,234.97844999999506,,216.5853701754209,QC_ACCEPTABLE_SHORT,True
2025-09-23T09:51:29.895781,rock-tobefilledbyoem,CPU,AMD Ryzen Threadripper 3970X 32-Core Processor,1408,128,1.0998528070000475,,,237.14264299999923,,215.50230456488302,QC_ACCEPTABLE_SHORT,True
2025-09-23T09:51:33.151228,rock-tobefilledbyoem,CPU,AMD Ryzen Threadripper 3970X 32-Core Processor,1408,128,1.0845500949999405,,,235.12068400000862,,216.67394229882578,QC_ACCEPTABLE_SHORT,True
2025-09-23T09:51:36.403295,rock-tobefilledbyoem,CPU,AMD Ryzen Threadripper 3970X 32-Core Processor,1536,128,1.390794432000007,,,303.24682999998913,,217.9523808420058,QC_PASS,True
2025-09-23T09:51:40.601871,rock-tobefilledbyoem,CPU,AMD Ryzen Threadripper 3970X 32-Core Processor,1536,128,1.3446747980000282,,,295.12142599998333,,219.3838603575002,QC_PASS,True
2025-09-23T09:51:44.662046,rock-tobefilledbyoem,CPU,AMD Ryzen Threadripper 3970X 32-Core Processor,1536,128,1.3149651409999024,,,291.02202799999213,,221.21977838444906,QC_PASS,True
2025-09-23T09:51:48.697856,rock-tobefilledbyoem,CPU,AMD Ryzen Threadripper 3970X 32-Core Processor,1536,128,1.231499433999943,,,277.0418859999918,,224.86507793514284,QC_PASS,True
2025-09-23T09:51:52.448505,rock-tobefilledbyoem,CPU,AMD Ryzen Threadripper 3970X 32-Core Processor,1536,128,1.2355714529999204,,,277.4191240000073,,224.4305821506387,QC_PASS,True
