timestamp,host,device,device_model,matrix_size,batch_size,runtime_s,gpu_kernel_time_s,energy_j_gpu,energy_j_cpu,power_w_gpu,power_w_cpu,qc_status,power_reliable
2025-09-24T10:33:49.892789,rock-tobefilledbyoem,CPU,AMD Ryzen Threadripper 3970X 32-Core Processor,64,60000,0.5254957639999702,,,60.09403000000748,,114.27765553872786,QC_CRITICAL_TOO_SHORT,True
2025-09-24T10:33:51.532817,rock-tobefilledbyoem,CPU,AMD Ryzen Threadripper 3970X 32-Core Processor,64,60000,0.5258814629996778,,,60.0876200000057,,114.17562749820992,QC_CRITICAL_TOO_SHORT,True
2025-09-24T10:33:53.168085,rock-tobefilledbyoem,CPU,AMD Ryzen Threadripper 3970X 32-Core Processor,64,60000,0.5247009439999601,,,59.91862300000503,,114.10736889009644,QC_CRITICAL_TOO_SHORT,True
2025-09-24T10:33:54.801439,rock-tobefilledbyoem,CPU,AMD Ryzen Threadripper 3970X 32-Core Processor,64,60000,0.5244807079998282,,,59.797397999995155,,113.93090407676404,QC_CRITICAL_TOO_SHORT,True
2025-09-24T10:33:56.431438,rock-tobefilledbyoem,CPU,AMD Ryzen Threadripper 3970X 32-Core Processor,64,60000,0.5242146709997542,,,59.92747199999576,,114.23474967510752,QC_CRITICAL_TOO_SHORT,True
2025-09-24T10:33:58.064124,rock-tobefilledbyoem,CPU,AMD Ryzen Threadripper 3970X 32-Core Processor,96,60000,0.7740264590001971,,,104.59200400000555,,135.06128263418043,QC_CRITICAL_TOO_SHORT,True
2025-09-24T10:34:00.403498,rock-tobefilledbyoem,CPU,AMD Ryzen Threadripper 3970X 32-Core Processor,96,60000,0.7011256700006925,,,96.1478449999995,,137.05631550995489,QC_CRITICAL_TOO_SHORT,True
2025-09-24T10:34:02.737031,rock-tobefilledbyoem,CPU,AMD Ryzen Threadripper 3970X 32-Core Processor,96,60000,0.7694501149999269,,,104.51217400000314,,135.76561132981135,QC_CRITICAL_TOO_SHORT,True
2025-09-24T10:34:05.056928,rock-tobefilledbyoem,CPU,AMD Ryzen Threadripper 3970X 32-Core Processor,96,60000,0.7025634530000389,,,97.00526799999352,,138.00226804215774,QC_CRITICAL_TOO_SHORT,True
2025-09-24T10:34:07.445510,rock-tobefilledbyoem,CPU,AMD Ryzen Threadripper 3970X 32-Core Processor,96,60000,0.7841611630001353,,,106.5092319999967,,135.768247785876,QC_CRITICAL_TOO_SHORT,True
2025-09-24T10:34:09.802853,rock-tobefilledbyoem,CPU,AMD Ryzen Threadripper 3970X 32-Core Processor,128,32768,0.9159736749998046,,,145.9722780000011,,159.2639748975639,QC_CRITICAL_TOO_SHORT,True
2025-09-24T10:34:12.897638,rock-tobefilledbyoem,CPU,AMD Ryzen Threadripper 3970X 32-Core Processor,128,60000,1.966347732000031,,,305.5948230000067,,155.3851364381566,QC_PASS,True
2025-09-24T10:34:18.691710,rock-tobefilledbyoem,CPU,AMD Ryzen Threadripper 3970X 32-Core Processor,128,32768,0.910446826000225,,,144.1891980000073,,158.3085360719471,QC_CRITICAL_TOO_SHORT,True
2025-09-24T10:34:21.769774,rock-tobefilledbyoem,CPU,AMD Ryzen Threadripper 3970X 32-Core Processor,128,60000,1.9562084560002404,,,304.73225600000296,,155.74880801498878,QC_PASS,True
2025-09-24T10:34:27.527964,rock-tobefilledbyoem,CPU,AMD Ryzen Threadripper 3970X 32-Core Processor,128,32768,0.8920555610002339,,,141.88542400000733,,158.98887104880222,QC_CRITICAL_TOO_SHORT,True
2025-09-24T10:34:30.619430,rock-tobefilledbyoem,CPU,AMD Ryzen Threadripper 3970X 32-Core Processor,160,32768,1.6500464720002128,,,315.35531999998784,,191.0785623381904,QC_PASS,True
2025-09-24T10:34:35.542909,rock-tobefilledbyoem,CPU,AMD Ryzen Threadripper 3970X 32-Core Processor,160,32768,1.4750154180001118,,,285.3874319999886,,193.43501489557033,QC_PASS,True
2025-09-24T10:34:40.408752,rock-tobefilledbyoem,CPU,AMD Ryzen Threadripper 3970X 32-Core Processor,160,32768,1.637286323000808,,,313.1684360000072,,191.23050610441416,QC_PASS,True
2025-09-24T10:34:45.232670,rock-tobefilledbyoem,CPU,AMD Ryzen Threadripper 3970X 32-Core Processor,160,32768,1.4683394180001414,,,284.6541020000004,,193.78936125438148,QC_PASS,True
2025-09-24T10:34:50.198600,rock-tobefilledbyoem,CPU,AMD Ryzen Threadripper 3970X 32-Core Processor,160,32768,1.6885156400003325,,,320.4661239999987,,189.75166619564342,QC_PASS,True
2025-09-24T10:34:55.177779,rock-tobefilledbyoem,CPU,AMD Ryzen Threadripper 3970X 32-Core Processor,192,16384,1.1181929809999929,,,227.8813269999955,,203.73349304200798,QC_ACCEPTABLE_SHORT,True
2025-09-24T10:34:58.742836,rock-tobefilledbyoem,CPU,AMD Ryzen Threadripper 3970X 32-Core Processor,192,16384,1.2120750700005374,,,244.78299399999378,,201.8924194636251,QC_PASS,True
2025-09-24T10:35:02.315983,rock-tobefilledbyoem,CPU,AMD Ryzen Threadripper 3970X 32-Core Processor,192,16384,1.1196952450000026,,,228.55348800000502,,204.05648949896124,QC_ACCEPTABLE_SHORT,True
2025-09-24T10:35:05.869729,rock-tobefilledbyoem,CPU,AMD Ryzen Threadripper 3970X 32-Core Processor,192,16384,1.2022012750003341,,,243.25862999999663,,202.283862363302,QC_PASS,True
2025-09-24T10:35:09.410610,rock-tobefilledbyoem,CPU,AMD Ryzen Threadripper 3970X 32-Core Processor,192,16384,1.1186432750000677,,,231.25046199999633,,206.66259518791665,QC_ACCEPTABLE_SHORT,True
2025-09-24T10:35:12.963042,rock-tobefilledbyoem,CPU,AMD Ryzen Threadripper 3970X 32-Core Processor,224,16384,1.7841573360001348,,,368.45351000000664,,206.47512788774563,QC_PASS,True
2025-09-24T10:35:18.364905,rock-tobefilledbyoem,CPU,AMD Ryzen Threadripper 3970X 32-Core Processor,224,16384,1.7856150779998643,,,368.1235860000015,,206.1230934853014,QC_PASS,True
2025-09-24T10:35:23.786568,rock-tobefilledbyoem,CPU,AMD Ryzen Threadripper 3970X 32-Core Processor,224,16384,1.8209858599993822,,,375.4259580000071,,206.13232032016256,QC_PASS,True
2025-09-24T10:35:29.272207,rock-tobefilledbyoem,CPU,AMD Ryzen Threadripper 3970X 32-Core Processor,224,16384,1.8128664460000437,,,373.72569799999474,,206.11213367609136,QC_PASS,True
2025-09-24T10:35:34.753790,rock-tobefilledbyoem,CPU,AMD Ryzen Threadripper 3970X 32-Core Processor,224,16384,1.8214605330003906,,,374.2483460000076,,205.42743132289274,QC_PASS,True
2025-09-24T10:35:40.299199,rock-tobefilledbyoem,CPU,AMD Ryzen Threadripper 3970X 32-Core Processor,256,16384,1.8439267789999576,,,389.410710000011,,211.14743214579786,QC_PASS,True
2025-09-24T10:35:46.026327,rock-tobefilledbyoem,CPU,AMD Ryzen Threadripper 3970X 32-Core Processor,256,16384,1.9184233389996734,,,403.06973200000357,,210.0673186959712,QC_PASS,True
2025-09-24T10:35:51.662095,rock-tobefilledbyoem,CPU,AMD Ryzen Threadripper 3970X 32-Core Processor,256,16384,1.8512276689998544,,,390.5215820000012,,210.91290467140735,QC_PASS,True
2025-09-24T10:35:57.376569,rock-tobefilledbyoem,CPU,AMD Ryzen Threadripper 3970X 32-Core Processor,256,16384,1.9471269530004065,,,409.0593510000035,,210.04780774464805,QC_PASS,True
2025-09-24T10:36:03.108516,rock-tobefilledbyoem,CPU,AMD Ryzen Threadripper 3970X 32-Core Processor,256,16384,1.8652941250002186,,,392.8063460000121,,210.54873579823416,QC_PASS,True
2025-09-24T10:36:08.846177,rock-tobefilledbyoem,CPU,AMD Ryzen Threadripper 3970X 32-Core Processor,320,8192,1.6599680470008025,,,363.93299200000183,,219.19541260954892,QC_PASS,True
2025-09-24T10:36:13.771910,rock-tobefilledbyoem,CPU,AMD Ryzen Threadripper 3970X 32-Core Processor,320,8192,1.6644989739997982,,,364.4947919999977,,218.93202299245397,QC_PASS,True
2025-09-24T10:36:18.706224,rock-tobefilledbyoem,CPU,AMD Ryzen Threadripper 3970X 32-Core Processor,320,8192,1.6721201270001984,,,365.86770599999,,218.76140536105643,QC_PASS,True
2025-09-24T10:36:23.666057,rock-tobefilledbyoem,CPU,AMD Ryzen Threadripper 3970X 32-Core Processor,320,8192,1.654559165000137,,,363.10335399999167,,219.412023230197,QC_PASS,True
2025-09-24T10:36:28.600981,rock-tobefilledbyoem,CPU,AMD Ryzen Threadripper 3970X 32-Core Processor,320,8192,1.6793120780002937,,,367.2852659999917,,218.6661449713266,QC_PASS,True
2025-09-24T10:36:33.582195,rock-tobefilledbyoem,CPU,AMD Ryzen Threadripper 3970X 32-Core Processor,384,4096,1.091578896000101,,,245.45370600000024,,224.79131662782186,QC_ACCEPTABLE_SHORT,True
2025-09-24T10:36:36.857267,rock-tobefilledbyoem,CPU,AMD Ryzen Threadripper 3970X 32-Core Processor,384,4096,1.110628080999959,,,249.0180959999998,,224.1421584345667,QC_ACCEPTABLE_SHORT,True
2025-09-24T10:36:40.151774,rock-tobefilledbyoem,CPU,AMD Ryzen Threadripper 3970X 32-Core Processor,384,4096,1.050142869999945,,,239.0493140000035,,227.56245334516242,QC_ACCEPTABLE_SHORT,True
2025-09-24T10:36:43.342429,rock-tobefilledbyoem,CPU,AMD Ryzen Threadripper 3970X 32-Core Processor,384,4096,1.0586651470002835,,,239.83525400000508,,226.47476158012023,QC_ACCEPTABLE_SHORT,True
2025-09-24T10:36:46.497338,rock-tobefilledbyoem,CPU,AMD Ryzen Threadripper 3970X 32-Core Processor,384,4096,1.044097870000769,,,237.57029400000465,,227.4647498579668,QC_ACCEPTABLE_SHORT,True
2025-09-24T10:36:49.601850,rock-tobefilledbyoem,CPU,AMD Ryzen Threadripper 3970X 32-Core Processor,448,4096,1.5549757829994633,,,365.804461000007,,235.19698984241225,QC_PASS,True
2025-09-24T10:36:54.335006,rock-tobefilledbyoem,CPU,AMD Ryzen Threadripper 3970X 32-Core Processor,448,4096,1.612580928999705,,,375.971676000001,,233.09972193708688,QC_PASS,True
2025-09-24T10:36:59.164429,rock-tobefilledbyoem,CPU,AMD Ryzen Threadripper 3970X 32-Core Processor,448,4096,1.6092532050006412,,,374.5633630000084,,232.70689994790467,QC_PASS,True
2025-09-24T10:37:04.017085,rock-tobefilledbyoem,CPU,AMD Ryzen Threadripper 3970X 32-Core Processor,448,4096,1.6226811110000199,,,377.2949260000023,,232.46693098491485,QC_PASS,True
2025-09-24T10:37:08.899435,rock-tobefilledbyoem,CPU,AMD Ryzen Threadripper 3970X 32-Core Processor,448,4096,1.6016768649997175,,,374.2015059999976,,233.5824007288294,QC_PASS,True
2025-09-24T10:37:13.756397,rock-tobefilledbyoem,CPU,AMD Ryzen Threadripper 3970X 32-Core Processor,512,2048,1.0191033280007105,,,244.995081999994,,240.32197646774938,QC_ACCEPTABLE_SHORT,True
2025-09-24T10:37:16.795793,rock-tobefilledbyoem,CPU,AMD Ryzen Threadripper 3970X 32-Core Processor,512,2048,1.0467355130003853,,,250.3868000000075,,239.08445397556312,QC_ACCEPTABLE_SHORT,True
2025-09-24T10:37:19.926681,rock-tobefilledbyoem,CPU,AMD Ryzen Threadripper 3970X 32-Core Processor,512,2048,1.05015489500056,,,252.51126400000066,,240.3742711571334,QC_ACCEPTABLE_SHORT,True
2025-09-24T10:37:23.032523,rock-tobefilledbyoem,CPU,AMD Ryzen Threadripper 3970X 32-Core Processor,512,2048,1.0322134550006012,,,248.81882800000312,,240.9701474002917,QC_ACCEPTABLE_SHORT,True
2025-09-24T10:37:26.128142,rock-tobefilledbyoem,CPU,AMD Ryzen Threadripper 3970X 32-Core Processor,512,2048,1.0489804950002508,,,252.42777200001,,240.56248383212997,QC_ACCEPTABLE_SHORT,True
2025-09-24T10:37:29.237414,rock-tobefilledbyoem,CPU,AMD Ryzen Threadripper 3970X 32-Core Processor,640,2048,1.6279384359995674,,,418.3757949999999,,256.93995653344786,QC_PASS,True
2025-09-24T10:37:34.195025,rock-tobefilledbyoem,CPU,AMD Ryzen Threadripper 3970X 32-Core Processor,640,2048,1.6027249960006884,,,,,,QC_PASS,True
2025-09-24T10:37:40.626284,rock-tobefilledbyoem,CPU,AMD Ryzen Threadripper 3970X 32-Core Processor,640,2048,1.579112936000456,,,410.1626880000001,,259.68186687813835,QC_PASS,True
2025-09-24T10:37:45.369520,rock-tobefilledbyoem,CPU,AMD Ryzen Threadripper 3970X 32-Core Processor,640,2048,1.5997942989997682,,,413.8040699999997,,258.6047446707232,QC_PASS,True
2025-09-24T10:37:50.090993,rock-tobefilledbyoem,CPU,AMD Ryzen Threadripper 3970X 32-Core Processor,640,2048,1.5773084579996066,,,410.3273820000004,,260.08373159911457,QC_PASS,True
2025-09-24T10:37:54.774143,rock-tobefilledbyoem,CPU,AMD Ryzen Threadripper 3970X 32-Core Processor,768,1024,1.1776675090004574,,,318.16573600000083,,270.0765487769446,QC_ACCEPTABLE_SHORT,True
2025-09-24T10:37:58.321214,rock-tobefilledbyoem,CPU,AMD Ryzen Threadripper 3970X 32-Core Processor,768,1024,1.177969585000028,,,317.4949319999996,,269.444936624263,QC_ACCEPTABLE_SHORT,True
2025-09-24T10:38:01.849574,rock-tobefilledbyoem,CPU,AMD Ryzen Threadripper 3970X 32-Core Processor,768,1024,1.1761173280001458,,,316.7241899999999,,269.20071773210094,QC_ACCEPTABLE_SHORT,True
2025-09-24T10:38:05.370444,rock-tobefilledbyoem,CPU,AMD Ryzen Threadripper 3970X 32-Core Processor,768,1024,1.1735523150000517,,,316.8260819999996,,269.88593029542807,QC_ACCEPTABLE_SHORT,True
2025-09-24T10:38:08.883862,rock-tobefilledbyoem,CPU,AMD Ryzen Threadripper 3970X 32-Core Processor,768,1024,1.1752640559998326,,,320.4943800000001,,272.6149078694827,QC_ACCEPTABLE_SHORT,True
2025-09-24T10:38:12.390425,rock-tobefilledbyoem,CPU,AMD Ryzen Threadripper 3970X 32-Core Processor,896,1024,1.7047093089995542,,,477.5916959999995,,280.08762789970746,QC_PASS,True
2025-09-24T10:38:17.489129,rock-tobefilledbyoem,CPU,AMD Ryzen Threadripper 3970X 32-Core Processor,896,1024,1.7294899309999892,,,483.510182,,279.4988453882962,QC_PASS,True
2025-09-24T10:38:22.653854,rock-tobefilledbyoem,CPU,AMD Ryzen Threadripper 3970X 32-Core Processor,896,1024,1.7434401499995147,,,486.73047399999996,,279.11231029068205,QC_PASS,True
2025-09-24T10:38:27.841325,rock-tobefilledbyoem,CPU,AMD Ryzen Threadripper 3970X 32-Core Processor,896,1024,1.7723185730001205,,,492.4734320000007,,277.80737019936333,QC_PASS,True
2025-09-24T10:38:33.117054,rock-tobefilledbyoem,CPU,AMD Ryzen Threadripper 3970X 32-Core Processor,896,1024,1.771073659000649,,,493.14873799999987,,278.3841261867541,QC_PASS,True
2025-09-24T10:38:38.415019,rock-tobefilledbyoem,CPU,AMD Ryzen Threadripper 3970X 32-Core Processor,1024,512,1.3846626000004107,,,375.7922099999996,,271.2900697793368,QC_PASS,True
2025-09-24T10:38:42.581314,rock-tobefilledbyoem,CPU,AMD Ryzen Threadripper 3970X 32-Core Processor,1024,512,1.4004999839999073,,,377.8364780000011,,269.69408214596325,QC_PASS,True
2025-09-24T10:38:46.784767,rock-tobefilledbyoem,CPU,AMD Ryzen Threadripper 3970X 32-Core Processor,1024,512,1.3927381439998499,,,376.2125840000008,,270.04672816394157,QC_PASS,True
2025-09-24T10:38:51.006088,rock-tobefilledbyoem,CPU,AMD Ryzen Threadripper 3970X 32-Core Processor,1024,512,1.3923979139999574,,,376.9023989999987,,270.59583995458206,QC_PASS,True
2025-09-24T10:38:55.229271,rock-tobefilledbyoem,CPU,AMD Ryzen Threadripper 3970X 32-Core Processor,1024,512,1.3914788090005459,,,377.60977600000115,,271.28993694090167,QC_PASS,True
2025-09-24T10:38:59.429237,rock-tobefilledbyoem,CPU,AMD Ryzen Threadripper 3970X 32-Core Processor,1152,512,1.6249698990004617,,,469.12042199999996,,288.60832651835807,QC_PASS,True
2025-09-24T10:39:04.218906,rock-tobefilledbyoem,CPU,AMD Ryzen Threadripper 3970X 32-Core Processor,1152,512,1.568794825000623,,,461.85596799999985,,294.307523027618,QC_PASS,True
2025-09-24T10:39:08.978424,rock-tobefilledbyoem,CPU,AMD Ryzen Threadripper 3970X 32-Core Processor,1152,512,1.5698857400002453,,,464.56597200000033,,295.82948976241096,QC_PASS,True
2025-09-24T10:39:13.745109,rock-tobefilledbyoem,CPU,AMD Ryzen Threadripper 3970X 32-Core Processor,1152,512,1.5531886700000541,,,459.51786199999697,,295.76283678028256,QC_PASS,True
2025-09-24T10:39:18.510492,rock-tobefilledbyoem,CPU,AMD Ryzen Threadripper 3970X 32-Core Processor,1152,512,1.5385325099996408,,,456.73657399999865,,296.76822373155477,QC_PASS,True
2025-09-24T10:39:23.151195,rock-tobefilledbyoem,CPU,AMD Ryzen Threadripper 3970X 32-Core Processor,1280,256,1.016567935999774,,,308.6505419999994,,303.4625734592075,QC_ACCEPTABLE_SHORT,True
2025-09-24T10:39:26.244591,rock-tobefilledbyoem,CPU,AMD Ryzen Threadripper 3970X 32-Core Processor,1280,256,1.0447284840001885,,,315.1982229999994,,301.53823114776077,QC_ACCEPTABLE_SHORT,True
2025-09-24T10:39:29.411953,rock-tobefilledbyoem,CPU,AMD Ryzen Threadripper 3970X 32-Core Processor,1280,256,1.045866819999901,,,316.28772000000026,,302.2545594724331,QC_ACCEPTABLE_SHORT,True
2025-09-24T10:39:32.586225,rock-tobefilledbyoem,CPU,AMD Ryzen Threadripper 3970X 32-Core Processor,1280,256,1.0447937330000059,,,316.4128669999991,,302.6807189001087,QC_ACCEPTABLE_SHORT,True
2025-09-24T10:39:35.762043,rock-tobefilledbyoem,CPU,AMD Ryzen Threadripper 3970X 32-Core Processor,1280,256,1.053348451000602,,,314.69551800000045,,298.61487892667606,QC_ACCEPTABLE_SHORT,True
2025-09-24T10:39:38.997600,rock-tobefilledbyoem,CPU,AMD Ryzen Threadripper 3970X 32-Core Processor,1408,256,1.3409138690003601,,,401.62412799999584,,299.3877248506171,QC_PASS,True
2025-09-24T10:39:43.079592,rock-tobefilledbyoem,CPU,AMD Ryzen Threadripper 3970X 32-Core Processor,1408,256,1.3718043809994924,,,410.31990600000427,,298.9834861534992,QC_PASS,True
2025-09-24T10:39:47.257678,rock-tobefilledbyoem,CPU,AMD Ryzen Threadripper 3970X 32-Core Processor,1408,256,1.38462286199956,,,410.3188979999977,,296.2218539464689,QC_PASS,True
2025-09-24T10:39:51.436337,rock-tobefilledbyoem,CPU,AMD Ryzen Threadripper 3970X 32-Core Processor,1408,256,1.4004868989995884,,,413.7555179999981,,295.31932998588104,QC_PASS,True
2025-09-24T10:39:55.736205,rock-tobefilledbyoem,CPU,AMD Ryzen Threadripper 3970X 32-Core Processor,1408,256,1.3662809919997017,,,409.3849259999988,,299.5089994670619,QC_PASS,True
2025-09-24T10:39:59.899361,rock-tobefilledbyoem,CPU,AMD Ryzen Threadripper 3970X 32-Core Processor,1536,256,1.6591827580004974,,,506.7939819999956,,305.34076647447233,QC_PASS,True
2025-09-24T10:40:04.987903,rock-tobefilledbyoem,CPU,AMD Ryzen Threadripper 3970X 32-Core Processor,1536,256,1.7146677099999579,,,515.7867420000039,,300.70939846801053,QC_PASS,True
2025-09-24T10:40:10.153048,rock-tobefilledbyoem,CPU,AMD Ryzen Threadripper 3970X 32-Core Processor,1536,256,1.707702898000207,,,514.4025959999999,,301.1210899363001,QC_PASS,True
2025-09-24T10:40:15.349004,rock-tobefilledbyoem,CPU,AMD Ryzen Threadripper 3970X 32-Core Processor,1536,256,1.7088384830003633,,,516.0615700000053,,301.8935020378254,QC_PASS,True
2025-09-24T10:40:20.539625,rock-tobefilledbyoem,CPU,AMD Ryzen Threadripper 3970X 32-Core Processor,1536,256,1.721923030000653,,,518.085024,,300.7753688910855,QC_PASS,True
