timestamp,host,device,device_model,matrix_size,batch_size,runtime_s,gpu_kernel_time_s,energy_j_gpu,power_w_gpu,qc_status,power_reliable,energy_window_s
2025-09-22T17:42:16.814144,rock-tobefilledbyoem,GPU,NVIDIA GeForce RTX 3090,64,60000,0.969703225000103,0.969691162109375,243.28999999997905,107.03556135076374,QC_CRITICAL_TOO_SHORT,True,2.2729828940000516
2025-09-22T17:42:19.093392,rock-tobefilledbyoem,GPU,NVIDIA GeForce RTX 3090,64,60000,0.9598789769997893,0.959867919921875,233.78899999998976,115.88408631378049,QC_CRITICAL_TOO_SHORT,True,2.0174383509997824
2025-09-22T17:42:21.114893,rock-tobefilledbyoem,GPU,NVIDIA GeForce RTX 3090,64,60000,0.9704190550000931,0.970407958984375,222.18599999998696,109.43042502984017,QC_CRITICAL_TOO_SHORT,True,2.0303859729997384
2025-09-22T17:42:23.148622,rock-tobefilledbyoem,GPU,NVIDIA GeForce RTX 3090,64,60000,0.9557714069997019,0.9557606201171875,220.68900000001304,109.84322008495997,QC_CRITICAL_TOO_SHORT,True,2.0091271890000826
2025-09-22T17:42:25.161722,rock-tobefilledbyoem,GPU,NVIDIA GeForce RTX 3090,64,60000,0.9655215560001125,0.9655111694335937,221.35600000002887,109.76523810690242,QC_CRITICAL_TOO_SHORT,True,2.0166311650000353
2025-09-22T17:42:27.188733,rock-tobefilledbyoem,GPU,NVIDIA GeForce RTX 3090,96,60000,0.9992498480000904,0.9992386474609375,235.1369999999879,112.24696478882396,QC_CRITICAL_TOO_SHORT,True,2.0948183360001167
2025-09-22T17:42:29.287686,rock-tobefilledbyoem,GPU,NVIDIA GeForce RTX 3090,96,60000,0.9951654440001221,0.9951539306640625,234.43599999998696,112.05586798255985,QC_CRITICAL_TOO_SHORT,True,2.0921349699997336
2025-09-22T17:42:31.383899,rock-tobefilledbyoem,GPU,NVIDIA GeForce RTX 3090,96,60000,1.0037213309997242,1.0037094116210938,234.42599999997765,111.4668010766516,QC_ACCEPTABLE_SHORT,True,2.103101530999993
2025-09-22T17:42:33.490969,rock-tobefilledbyoem,GPU,NVIDIA GeForce RTX 3090,96,60000,1.0638514340002985,1.0638397216796875,246.58400000003166,112.22039246968245,QC_ACCEPTABLE_SHORT,True,2.197318995000387
2025-09-22T17:42:35.690861,rock-tobefilledbyoem,GPU,NVIDIA GeForce RTX 3090,96,60000,1.0656925019998198,1.065681884765625,256.98399999999674,115.00963045437027,QC_ACCEPTABLE_SHORT,True,2.2344563579999885
2025-09-22T17:42:37.934247,rock-tobefilledbyoem,GPU,NVIDIA GeForce RTX 3090,128,60000,1.0693858109998473,1.06937451171875,255.25299999996787,114.8047977356205,QC_ACCEPTABLE_SHORT,True,2.223365269000169
2025-09-22T17:42:40.160146,rock-tobefilledbyoem,GPU,NVIDIA GeForce RTX 3090,128,60000,1.0690900599997804,1.0690784912109375,265.18800000002375,118.2074782429443,QC_ACCEPTABLE_SHORT,True,2.243411364000167
2025-09-22T17:42:42.407861,rock-tobefilledbyoem,GPU,NVIDIA GeForce RTX 3090,128,60000,1.078962262999994,1.078950927734375,256.3620000000228,117.2279029150353,QC_ACCEPTABLE_SHORT,True,2.1868684300002315
2025-09-22T17:42:44.598905,rock-tobefilledbyoem,GPU,NVIDIA GeForce RTX 3090,128,60000,1.005383341000197,1.0053724365234376,246.63099999999395,117.05269449077666,QC_ACCEPTABLE_SHORT,True,2.1070083100003103
2025-09-22T17:42:46.710098,rock-tobefilledbyoem,GPU,NVIDIA GeForce RTX 3090,128,60000,1.0888421919999018,1.0888304443359376,256.7829999999958,116.9302023361779,QC_ACCEPTABLE_SHORT,True,2.196036565999748
2025-09-22T17:42:48.915237,rock-tobefilledbyoem,GPU,NVIDIA GeForce RTX 3090,160,60000,1.0557478359996821,1.05573583984375,258.76699999999255,119.31231707041252,QC_ACCEPTABLE_SHORT,True,2.168820506999964
2025-09-22T17:42:51.087025,rock-tobefilledbyoem,GPU,NVIDIA GeForce RTX 3090,160,60000,1.0068781859999945,1.006867431640625,273.73399999999674,129.9243263442449,QC_ACCEPTABLE_SHORT,True,2.10687257499967
2025-09-22T17:42:53.198324,rock-tobefilledbyoem,GPU,NVIDIA GeForce RTX 3090,160,60000,1.0870666129999336,1.0870548095703125,272.34799999999814,123.98193863195479,QC_ACCEPTABLE_SHORT,True,2.1966747980000036
2025-09-22T17:42:55.398660,rock-tobefilledbyoem,GPU,NVIDIA GeForce RTX 3090,160,60000,1.0405149859998346,1.0405037841796876,271.01799999998184,122.46521738820145,QC_ACCEPTABLE_SHORT,True,2.2130202010002904
2025-09-22T17:42:57.614811,rock-tobefilledbyoem,GPU,NVIDIA GeForce RTX 3090,160,60000,1.0687943339999038,1.0687835693359375,269.51699999999255,120.07766668229492,QC_ACCEPTABLE_SHORT,True,2.2445222950000243
2025-09-22T17:42:59.863847,rock-tobefilledbyoem,GPU,NVIDIA GeForce RTX 3090,192,60000,0.9844179900001109,0.9844070434570312,278.2720000000554,135.07539534304397,QC_CRITICAL_TOO_SHORT,True,2.0601235279996217
2025-09-22T17:43:01.928828,rock-tobefilledbyoem,GPU,NVIDIA GeForce RTX 3090,192,60000,1.0138564760000008,1.0138460083007812,278.2399999999907,133.556151304422,QC_ACCEPTABLE_SHORT,True,2.0833184940001956
2025-09-22T17:43:04.016799,rock-tobefilledbyoem,GPU,NVIDIA GeForce RTX 3090,192,60000,0.9968349069999931,0.9968240356445313,277.1379999999772,133.13785252925166,QC_CRITICAL_TOO_SHORT,True,2.0815868270001374
2025-09-22T17:43:06.101945,rock-tobefilledbyoem,GPU,NVIDIA GeForce RTX 3090,192,60000,1.0357256510001207,1.035715576171875,278.68699999997625,132.14609407214664,QC_ACCEPTABLE_SHORT,True,2.1089310430002115
2025-09-22T17:43:08.215458,rock-tobefilledbyoem,GPU,NVIDIA GeForce RTX 3090,192,60000,0.9866147540001293,0.9866045532226563,264.3310000000056,128.33143202248013,QC_CRITICAL_TOO_SHORT,True,2.0597525939997468
2025-09-22T17:43:10.287311,rock-tobefilledbyoem,GPU,NVIDIA GeForce RTX 3090,224,60000,1.423678039999686,1.4236651611328126,438.17800000001444,145.61281750151204,QC_PASS,True,3.009199379000165
2025-09-22T17:43:13.301761,rock-tobefilledbyoem,GPU,NVIDIA GeForce RTX 3090,224,60000,1.4336842009997781,1.433671630859375,423.95999999996275,144.62510059925637,QC_PASS,True,2.9314413490001243
2025-09-22T17:43:16.238437,rock-tobefilledbyoem,GPU,NVIDIA GeForce RTX 3090,224,60000,1.357104497000364,1.3570928955078125,427.1590000000433,150.06448995803905,QC_PASS,True,2.8465028609998626
2025-09-22T17:43:19.089796,rock-tobefilledbyoem,GPU,NVIDIA GeForce RTX 3090,224,60000,1.3636349349999364,1.3636229248046876,412.40099999995437,144.16210915755067,QC_PASS,True,2.8606754050001655
2025-09-22T17:43:21.955405,rock-tobefilledbyoem,GPU,NVIDIA GeForce RTX 3090,224,60000,1.402326393000294,1.402313720703125,425.52700000000186,145.63189021502106,QC_PASS,True,2.9219355690001976
2025-09-22T17:43:24.889965,rock-tobefilledbyoem,GPU,NVIDIA GeForce RTX 3090,256,60000,0.9751030639999954,0.9750927124023437,309.63400000002,151.79900229166273,QC_CRITICAL_TOO_SHORT,True,2.039763077000316
2025-09-22T17:43:26.935192,rock-tobefilledbyoem,GPU,NVIDIA GeForce RTX 3090,256,60000,1.059046361000128,1.0590106201171876,334.07600000000093,152.35486258395122,QC_ACCEPTABLE_SHORT,True,2.1927491800001917
2025-09-22T17:43:29.133143,rock-tobefilledbyoem,GPU,NVIDIA GeForce RTX 3090,256,60000,1.0541363030001776,1.054125,333.33699999999953,150.55636662966324,QC_ACCEPTABLE_SHORT,True,2.214034566999999
2025-09-22T17:43:31.352455,rock-tobefilledbyoem,GPU,NVIDIA GeForce RTX 3090,256,60000,0.9763785360000838,0.9763676147460938,325.07600000000093,159.1587592873481,QC_CRITICAL_TOO_SHORT,True,2.042463772999781
2025-09-22T17:43:33.400162,rock-tobefilledbyoem,GPU,NVIDIA GeForce RTX 3090,256,60000,1.0553280039998754,1.0553170166015624,319.32199999998556,147.75727723897896,QC_ACCEPTABLE_SHORT,True,2.1611253669998405
2025-09-22T17:43:35.568268,rock-tobefilledbyoem,GPU,NVIDIA GeForce RTX 3090,320,60000,0.9895336949998637,0.98952392578125,381.54099999996834,184.71437462458277,QC_CRITICAL_TOO_SHORT,True,2.065572864999922
2025-09-22T17:43:37.640530,rock-tobefilledbyoem,GPU,NVIDIA GeForce RTX 3090,320,60000,0.9984160039998642,0.9984061279296875,383.5440000000526,182.37713523215197,QC_CRITICAL_TOO_SHORT,True,2.103026783000132
2025-09-22T17:43:39.749789,rock-tobefilledbyoem,GPU,NVIDIA GeForce RTX 3090,320,60000,0.9815350610001587,0.9815244750976563,387.7379999999539,188.23545120452127,QC_CRITICAL_TOO_SHORT,True,2.059856406000108
2025-09-22T17:43:41.815623,rock-tobefilledbyoem,GPU,NVIDIA GeForce RTX 3090,320,60000,0.9834917000002861,0.9834813232421875,387.0439999999944,187.27804283518557,QC_CRITICAL_TOO_SHORT,True,2.066681145000075
2025-09-22T17:43:43.886175,rock-tobefilledbyoem,GPU,NVIDIA GeForce RTX 3090,320,60000,0.9961977130001287,0.9961871337890625,369.0780000000377,177.66258321891712,QC_CRITICAL_TOO_SHORT,True,2.077409847999661
2025-09-22T17:43:45.977305,rock-tobefilledbyoem,GPU,NVIDIA GeForce RTX 3090,384,60000,0.9847273200002746,0.98471728515625,466.0920000000042,224.9215150384306,QC_CRITICAL_TOO_SHORT,True,2.072242843999902
2025-09-22T17:43:48.057173,rock-tobefilledbyoem,GPU,NVIDIA GeForce RTX 3090,384,60000,1.0123294360000727,1.0123192138671875,484.11999999999534,229.53853485619976,QC_ACCEPTABLE_SHORT,True,2.109101202999682
2025-09-22T17:43:50.173303,rock-tobefilledbyoem,GPU,NVIDIA GeForce RTX 3090,384,60000,0.9937177570000131,0.99370703125,467.0679999999702,223.96155095332912,QC_CRITICAL_TOO_SHORT,True,2.0854829679997238
2025-09-22T17:43:52.264066,rock-tobefilledbyoem,GPU,NVIDIA GeForce RTX 3090,384,60000,0.9891750960000536,0.98916455078125,491.04100000002654,237.37429224332936,QC_CRITICAL_TOO_SHORT,True,2.068635973000255
2025-09-22T17:43:54.339732,rock-tobefilledbyoem,GPU,NVIDIA GeForce RTX 3090,384,60000,0.9913148089999595,0.9913046875,485.11599999998,232.82557233804184,QC_CRITICAL_TOO_SHORT,True,2.0836027380000814
2025-09-22T17:43:56.437939,rock-tobefilledbyoem,GPU,NVIDIA GeForce RTX 3090,448,60000,1.184733124000104,1.184721923828125,715.0009999999893,287.92789053467567,QC_ACCEPTABLE_SHORT,True,2.4832641210000475
2025-09-22T17:43:58.930408,rock-tobefilledbyoem,GPU,NVIDIA GeForce RTX 3090,448,60000,1.1834616790001746,1.1834490966796876,727.3340000000317,292.71566820925744,QC_ACCEPTABLE_SHORT,True,2.4847798700002386
2025-09-22T17:44:01.423344,rock-tobefilledbyoem,GPU,NVIDIA GeForce RTX 3090,448,60000,1.1847995510001965,1.1847884521484375,725.2770000000019,292.09534637420126,QC_ACCEPTABLE_SHORT,True,2.4830145669998274
2025-09-22T17:44:03.914500,rock-tobefilledbyoem,GPU,NVIDIA GeForce RTX 3090,448,60000,1.1835757759999979,1.183563720703125,728.619000000006,293.74518542437767,QC_ACCEPTABLE_SHORT,True,2.480445760999828
2025-09-22T17:44:06.403124,rock-tobefilledbyoem,GPU,NVIDIA GeForce RTX 3090,448,60000,1.184835479999947,1.1848232421875,728.1509999999544,293.27452757312744,QC_ACCEPTABLE_SHORT,True,2.482830697999816
2025-09-22T17:44:08.900751,rock-tobefilledbyoem,GPU,NVIDIA GeForce RTX 3090,512,60000,1.4682935439996072,1.4682808837890624,956.710000000021,310.5407156356988,QC_PASS,True,3.0807876450003278
2025-09-22T17:44:11.991208,rock-tobefilledbyoem,GPU,NVIDIA GeForce RTX 3090,512,60000,1.470786106000105,1.4707742919921876,972.8310000000056,315.8759828909933,QC_PASS,True,3.079787804999796
2025-09-22T17:44:15.083390,rock-tobefilledbyoem,GPU,NVIDIA GeForce RTX 3090,512,60000,1.468492776000403,1.46848046875,972.4280000000144,315.9086413486411,QC_PASS,True,3.078193733000262
2025-09-22T17:44:18.168430,rock-tobefilledbyoem,GPU,NVIDIA GeForce RTX 3090,512,60000,1.4698788050000076,1.4698670654296875,939.170999999973,304.8702701609899,QC_PASS,True,3.0805594769999516
2025-09-22T17:44:21.262323,rock-tobefilledbyoem,GPU,NVIDIA GeForce RTX 3090,512,60000,1.469779682999615,1.4697666015625,954.9560000000056,309.95284010912604,QC_PASS,True,3.0809719300000324
2025-09-22T17:44:24.363236,rock-tobefilledbyoem,GPU,NVIDIA GeForce RTX 3090,640,32768,1.4347775689998343,1.4347652587890625,943.9709999999614,328.3671449507506,QC_PASS,True,2.874742539000181
2025-09-22T17:44:27.254868,rock-tobefilledbyoem,GPU,NVIDIA GeForce RTX 3090,640,32768,1.4295041150003271,1.42949267578125,953.2580000000307,332.71992626382723,QC_PASS,True,2.8650463189997026
2025-09-22T17:44:30.134262,rock-tobefilledbyoem,GPU,NVIDIA GeForce RTX 3090,640,32768,1.4362691370001812,1.43625732421875,981.5879999999888,341.0664723098879,QC_PASS,True,2.8779961669997647
2025-09-22T17:44:33.025056,rock-tobefilledbyoem,GPU,NVIDIA GeForce RTX 3090,640,32768,1.4270590099999936,1.42704638671875,988.3850000000093,345.72008963060006,QC_PASS,True,2.8589168799999243
2025-09-22T17:44:35.896523,rock-tobefilledbyoem,GPU,NVIDIA GeForce RTX 3090,640,32768,1.4357006700001875,1.43568896484375,985.4610000000102,342.03259744846264,QC_PASS,True,2.88119029399968
2025-09-22T17:44:38.797984,rock-tobefilledbyoem,GPU,NVIDIA GeForce RTX 3090,768,32768,1.9267710509998324,1.92675732421875,1348.3669999999693,349.39133336517415,QC_PASS,True,3.859188455000094
2025-09-22T17:44:42.677702,rock-tobefilledbyoem,GPU,NVIDIA GeForce RTX 3090,768,32768,1.9291108500001428,1.92909716796875,1350.0819999999367,349.4605770213337,QC_PASS,True,3.8633313420000377
2025-09-22T17:44:46.557051,rock-tobefilledbyoem,GPU,NVIDIA GeForce RTX 3090,768,32768,1.9289783690001059,1.928964111328125,1320.655000000028,342.08404058150387,QC_PASS,True,3.860615648000021
2025-09-22T17:44:50.434003,rock-tobefilledbyoem,GPU,NVIDIA GeForce RTX 3090,768,32768,1.9291031050001948,1.929090087890625,1352.283000000054,350.2207024834919,QC_PASS,True,3.8612309049999567
2025-09-22T17:44:54.311498,rock-tobefilledbyoem,GPU,NVIDIA GeForce RTX 3090,768,32768,1.921189282999876,1.9211776123046875,1351.8950000000186,350.92844324399897,QC_PASS,True,3.8523380649999126
2025-09-22T17:44:58.187052,rock-tobefilledbyoem,GPU,NVIDIA GeForce RTX 3090,896,16384,1.5408116819999123,1.540800537109375,1065.073999999906,345.69011461255093,QC_PASS,True,3.0810079749999204
2025-09-22T17:45:01.291219,rock-tobefilledbyoem,GPU,NVIDIA GeForce RTX 3090,896,16384,1.540804474000197,1.5407933349609375,1071.5410000000848,347.71396403654774,QC_PASS,True,3.081673762999799
2025-09-22T17:45:04.393575,rock-tobefilledbyoem,GPU,NVIDIA GeForce RTX 3090,896,16384,1.5416116020001027,1.5416002197265626,1069.997999999905,346.4711428650087,QC_PASS,True,3.08827451299976
2025-09-22T17:45:07.502627,rock-tobefilledbyoem,GPU,NVIDIA GeForce RTX 3090,896,16384,1.5426854580000509,1.5426744384765625,1072.892000000109,347.90394960473736,QC_PASS,True,3.083874159000061
2025-09-22T17:45:10.607180,rock-tobefilledbyoem,GPU,NVIDIA GeForce RTX 3090,896,16384,1.542711172000054,1.5427000732421876,1071.5399999999208,347.34609054820726,QC_PASS,True,3.0849346780000815
2025-09-22T17:45:13.719625,rock-tobefilledbyoem,GPU,NVIDIA GeForce RTX 3090,1024,8192,1.0663809990001027,1.0663699951171874,734.9640000000363,344.27945080633515,QC_ACCEPTABLE_SHORT,True,2.1347890450001614
2025-09-22T17:45:15.882509,rock-tobefilledbyoem,GPU,NVIDIA GeForce RTX 3090,1024,8192,1.064856396000323,1.0648453369140625,723.4780000000028,339.19193773920523,QC_ACCEPTABLE_SHORT,True,2.1329457440001534
2025-09-22T17:45:18.042568,rock-tobefilledbyoem,GPU,NVIDIA GeForce RTX 3090,1024,8192,1.0657570719999967,1.065745361328125,728.859999999986,341.59882973418394,QC_ACCEPTABLE_SHORT,True,2.133672414999637
2025-09-22T17:45:20.200260,rock-tobefilledbyoem,GPU,NVIDIA GeForce RTX 3090,1024,8192,1.066273232000185,1.0662635498046875,757.9510000000009,355.18237306104,QC_ACCEPTABLE_SHORT,True,2.1339769579999484
2025-09-22T17:45:22.360173,rock-tobefilledbyoem,GPU,NVIDIA GeForce RTX 3090,1024,8192,1.066829960999712,1.066820556640625,723.9880000000121,339.0498804042436,QC_ACCEPTABLE_SHORT,True,2.1353436229996987
2025-09-22T17:45:24.530826,rock-tobefilledbyoem,GPU,NVIDIA GeForce RTX 3090,1152,8192,1.295491772999867,1.2954818115234374,895.8830000000307,344.3281988605016,QC_PASS,True,2.6018287289998625
2025-09-22T17:45:27.167873,rock-tobefilledbyoem,GPU,NVIDIA GeForce RTX 3090,1152,8192,1.2956842009998581,1.29567431640625,888.1650000000373,341.39578160744173,QC_PASS,True,2.6015699309996307
2025-09-22T17:45:29.801457,rock-tobefilledbyoem,GPU,NVIDIA GeForce RTX 3090,1152,8192,1.2950154800000746,1.2950057373046875,894.5989999999292,344.75315976430096,QC_PASS,True,2.594897173999925
2025-09-22T17:45:32.428322,rock-tobefilledbyoem,GPU,NVIDIA GeForce RTX 3090,1152,8192,1.2956177299997762,1.2956077880859376,898.1130000000121,345.95344608420356,QC_PASS,True,2.596051607999925
2025-09-22T17:45:35.058868,rock-tobefilledbyoem,GPU,NVIDIA GeForce RTX 3090,1152,8192,1.2954617899999903,1.295453125,893.2750000000233,344.00051574493733,QC_PASS,True,2.596725757999593
2025-09-22T17:45:37.687804,rock-tobefilledbyoem,GPU,NVIDIA GeForce RTX 3090,1280,4096,1.0154388410001047,1.0154291381835938,717.8389999999199,352.96086167694614,QC_ACCEPTABLE_SHORT,True,2.0337637339998764
2025-09-22T17:45:39.765701,rock-tobefilledbyoem,GPU,NVIDIA GeForce RTX 3090,1280,4096,1.0162358299999141,1.016226806640625,682.0110000000568,335.51442446057183,QC_ACCEPTABLE_SHORT,True,2.0327322769999228
2025-09-22T17:45:41.837505,rock-tobefilledbyoem,GPU,NVIDIA GeForce RTX 3090,1280,4096,1.0141527400000996,1.0141430053710938,691.0869999999413,339.6329686570477,QC_ACCEPTABLE_SHORT,True,2.0348054040000534
2025-09-22T17:45:43.909333,rock-tobefilledbyoem,GPU,NVIDIA GeForce RTX 3090,1280,4096,1.0150055499998416,1.0149959716796875,698.7149999999674,343.69491794772347,QC_ACCEPTABLE_SHORT,True,2.032951211999716
2025-09-22T17:45:45.981417,rock-tobefilledbyoem,GPU,NVIDIA GeForce RTX 3090,1280,4096,1.0158726399999978,1.01586328125,717.4729999999981,352.65733519641026,QC_ACCEPTABLE_SHORT,True,2.034476326999993
2025-09-22T17:45:48.061970,rock-tobefilledbyoem,GPU,NVIDIA GeForce RTX 3090,1408,4096,1.200640218999979,1.2006307373046874,816.8279999999795,339.42995637924736,QC_PASS,True,2.4064699790001214
2025-09-22T17:45:50.516822,rock-tobefilledbyoem,GPU,NVIDIA GeForce RTX 3090,1408,4096,1.2006134409998594,1.2006031494140625,828.905999999959,344.4698673981523,QC_PASS,True,2.406323682999755
2025-09-22T17:45:52.973841,rock-tobefilledbyoem,GPU,NVIDIA GeForce RTX 3090,1408,4096,1.2014946699996472,1.2014847412109375,820.8810000000522,340.5652957331712,QC_PASS,True,2.4103483540002344
2025-09-22T17:45:55.431421,rock-tobefilledbyoem,GPU,NVIDIA GeForce RTX 3090,1408,4096,1.2019966039997598,1.201987548828125,823.25,341.7637734858585,QC_PASS,True,2.408827570000085
2025-09-22T17:45:57.887347,rock-tobefilledbyoem,GPU,NVIDIA GeForce RTX 3090,1408,4096,1.2012182190001113,1.201206298828125,836.1670000000158,346.8824761397884,QC_PASS,True,2.410519577999821
2025-09-22T17:46:00.351840,rock-tobefilledbyoem,GPU,NVIDIA GeForce RTX 3090,1536,4096,1.3618864619998021,1.361876953125,954.4039999999804,347.5408672808698,QC_PASS,True,2.74616337200041
2025-09-22T17:46:03.155592,rock-tobefilledbyoem,GPU,NVIDIA GeForce RTX 3090,1536,4096,1.3618469150001147,1.3618370361328125,954.5779999999795,347.7105338803835,QC_PASS,True,2.7453237879999506
2025-09-22T17:46:05.956304,rock-tobefilledbyoem,GPU,NVIDIA GeForce RTX 3090,1536,4096,1.363558629000181,1.3635491943359375,953.0829999999842,348.3926078244775,QC_PASS,True,2.735657928999899
2025-09-22T17:46:08.750380,rock-tobefilledbyoem,GPU,NVIDIA GeForce RTX 3090,1536,4096,1.3629967900001247,1.362988037109375,956.0690000000177,349.6125383825747,QC_PASS,True,2.7346530660001918
2025-09-22T17:46:11.542537,rock-tobefilledbyoem,GPU,NVIDIA GeForce RTX 3090,1536,4096,1.3620243539999137,1.3620152587890626,959.4710000000196,350.7054571248178,QC_PASS,True,2.735831395000332
