timestamp,host,device,device_model,matrix_size,batch_size,runtime_s,gpu_kernel_time_s,energy_j_gpu,power_w_gpu,qc_status,power_reliable,energy_window_s
2025-09-22T17:32:20.634943,rock-tobefilledbyoem,GPU,NVIDIA GeForce RTX 3090,64,60000,0.9753072430000884,0.9753087768554688,248.89399999997113,109.36024468203863,QC_CRITICAL_TOO_SHORT,True,2.275909318999993
2025-09-22T17:32:22.919972,rock-tobefilledbyoem,GPU,NVIDIA GeForce RTX 3090,64,60000,0.9797960439998405,0.9797959594726563,221.4650000000256,107.76522205903407,QC_CRITICAL_TOO_SHORT,True,2.055069304999961
2025-09-22T17:32:24.978925,rock-tobefilledbyoem,GPU,NVIDIA GeForce RTX 3090,64,60000,0.9812547429999086,0.9812551879882813,232.5339999999851,113.50107737676191,QC_CRITICAL_TOO_SHORT,True,2.0487382619999153
2025-09-22T17:32:27.031535,rock-tobefilledbyoem,GPU,NVIDIA GeForce RTX 3090,64,60000,0.987005636999811,0.9870059814453125,230.92399999999907,111.94119703770697,QC_CRITICAL_TOO_SHORT,True,2.062904507999974
2025-09-22T17:32:29.098307,rock-tobefilledbyoem,GPU,NVIDIA GeForce RTX 3090,64,60000,0.9743031040000005,0.97430322265625,221.079000000027,108.09856669434853,QC_CRITICAL_TOO_SHORT,True,2.045161252000071
2025-09-22T17:32:31.147077,rock-tobefilledbyoem,GPU,NVIDIA GeForce RTX 3090,96,60000,1.0085096810000778,1.008510986328125,233.9419999999809,110.4946778743152,QC_ACCEPTABLE_SHORT,True,2.1172241459998986
2025-09-22T17:32:33.268450,rock-tobefilledbyoem,GPU,NVIDIA GeForce RTX 3090,96,60000,1.0125374369999918,1.0125383911132813,245.3400000000256,115.2024519003743,QC_ACCEPTABLE_SHORT,True,2.1296421729998656
2025-09-22T17:32:35.402127,rock-tobefilledbyoem,GPU,NVIDIA GeForce RTX 3090,96,60000,1.0158133429999907,1.0158141479492186,234.4099999999744,110.04261695973139,QC_ACCEPTABLE_SHORT,True,2.1301747130000876
2025-09-22T17:32:37.534166,rock-tobefilledbyoem,GPU,NVIDIA GeForce RTX 3090,96,60000,1.0354281050001646,1.035429931640625,235.34700000000885,109.72105533495058,QC_ACCEPTABLE_SHORT,True,2.1449574949999715
2025-09-22T17:32:39.683170,rock-tobefilledbyoem,GPU,NVIDIA GeForce RTX 3090,96,60000,1.0151363519998995,1.0151372680664061,235.92799999995623,110.89399113291965,QC_ACCEPTABLE_SHORT,True,2.127509322999913
2025-09-22T17:32:41.822053,rock-tobefilledbyoem,GPU,NVIDIA GeForce RTX 3090,128,60000,1.065041605000033,1.06504296875,256.20000000001164,117.62264870765085,QC_ACCEPTABLE_SHORT,True,2.1781519359999493
2025-09-22T17:32:44.004330,rock-tobefilledbyoem,GPU,NVIDIA GeForce RTX 3090,128,60000,1.0292113860000427,1.029212158203125,244.59899999998743,113.04099451152487,QC_ACCEPTABLE_SHORT,True,2.16380792699988
2025-09-22T17:32:46.172131,rock-tobefilledbyoem,GPU,NVIDIA GeForce RTX 3090,128,60000,1.0207577479998236,1.020759033203125,258.1390000000247,120.42495332522067,QC_ACCEPTABLE_SHORT,True,2.1435673660000703
2025-09-22T17:32:48.319698,rock-tobefilledbyoem,GPU,NVIDIA GeForce RTX 3090,128,60000,1.0243517389999397,1.024352294921875,245.33600000001024,114.63953791488589,QC_ACCEPTABLE_SHORT,True,2.14006445300015
2025-09-22T17:32:50.463747,rock-tobefilledbyoem,GPU,NVIDIA GeForce RTX 3090,128,60000,1.015229735000048,1.01523046875,257.1819999999716,120.2906962077632,QC_ACCEPTABLE_SHORT,True,2.13800408599991
2025-09-22T17:32:52.608041,rock-tobefilledbyoem,GPU,NVIDIA GeForce RTX 3090,160,60000,1.0078555900001902,1.0078566284179689,258.33400000003166,122.0196449956564,QC_ACCEPTABLE_SHORT,True,2.117150889999948
2025-09-22T17:32:54.729597,rock-tobefilledbyoem,GPU,NVIDIA GeForce RTX 3090,160,60000,1.011163328000066,1.0111641845703125,260.9180000000051,122.84264039357872,QC_ACCEPTABLE_SHORT,True,2.1240018869998494
2025-09-22T17:32:56.857774,rock-tobefilledbyoem,GPU,NVIDIA GeForce RTX 3090,160,60000,1.0181341840000186,1.0181355590820313,272.0359999999637,127.4185268706599,QC_ACCEPTABLE_SHORT,True,2.1349799489998986
2025-09-22T17:32:58.996912,rock-tobefilledbyoem,GPU,NVIDIA GeForce RTX 3090,160,60000,1.0146679810000023,1.0146693115234375,259.7820000000065,122.12828838938232,QC_ACCEPTABLE_SHORT,True,2.1271238910001102
2025-09-22T17:33:01.128147,rock-tobefilledbyoem,GPU,NVIDIA GeForce RTX 3090,160,60000,1.016511803999947,1.0165125122070313,260.9990000000107,122.8686546585281,QC_ACCEPTABLE_SHORT,True,2.124211424999885
2025-09-22T17:33:03.255974,rock-tobefilledbyoem,GPU,NVIDIA GeForce RTX 3090,192,60000,0.979168282000046,0.9791692504882813,277.73499999998603,135.14916271019987,QC_CRITICAL_TOO_SHORT,True,2.055025680000199
2025-09-22T17:33:05.315559,rock-tobefilledbyoem,GPU,NVIDIA GeForce RTX 3090,192,60000,0.9773546460000944,0.9773557739257812,264.9529999999795,129.16982066349252,QC_CRITICAL_TOO_SHORT,True,2.051198946000113
2025-09-22T17:33:07.371109,rock-tobefilledbyoem,GPU,NVIDIA GeForce RTX 3090,192,60000,0.9867494390000502,0.9867499389648438,267.3400000000256,129.2037017486151,QC_CRITICAL_TOO_SHORT,True,2.0691357629998492
2025-09-22T17:33:09.444503,rock-tobefilledbyoem,GPU,NVIDIA GeForce RTX 3090,192,60000,0.9775105349999649,0.9775083618164062,279.5250000000233,136.02109869452292,QC_CRITICAL_TOO_SHORT,True,2.0550120730003982
2025-09-22T17:33:11.501531,rock-tobefilledbyoem,GPU,NVIDIA GeForce RTX 3090,192,60000,0.9746069789998728,0.97457666015625,266.57499999995343,130.54958173036914,QC_CRITICAL_TOO_SHORT,True,2.041944496999804
2025-09-22T17:33:13.555379,rock-tobefilledbyoem,GPU,NVIDIA GeForce RTX 3090,224,60000,1.3773864459999459,1.3773465576171875,423.82400000002235,146.9120028341845,QC_PASS,True,2.8848834119999083
2025-09-22T17:33:16.445025,rock-tobefilledbyoem,GPU,NVIDIA GeForce RTX 3090,224,60000,1.3778584819997377,1.377818603515625,424.1359999999986,146.38669162434422,QC_PASS,True,2.897367208000105
2025-09-22T17:33:19.347212,rock-tobefilledbyoem,GPU,NVIDIA GeForce RTX 3090,224,60000,1.3790476839999428,1.3790074462890625,424.1269999999786,146.685485667165,QC_PASS,True,2.891403999999966
2025-09-22T17:33:22.243115,rock-tobefilledbyoem,GPU,NVIDIA GeForce RTX 3090,224,60000,1.3910950569998022,1.391055908203125,424.5439999999944,146.0406873591672,QC_PASS,True,2.907025484999849
2025-09-22T17:33:25.154618,rock-tobefilledbyoem,GPU,NVIDIA GeForce RTX 3090,224,60000,1.3775685649998195,1.3775299072265625,423.7750000000233,146.549505526306,QC_PASS,True,2.8916849530000945
2025-09-22T17:33:28.058440,rock-tobefilledbyoem,GPU,NVIDIA GeForce RTX 3090,256,60000,0.9753624120003224,0.9753323364257812,321.31200000003446,156.93623666275138,QC_CRITICAL_TOO_SHORT,True,2.0474047730003804
2025-09-22T17:33:30.110755,rock-tobefilledbyoem,GPU,NVIDIA GeForce RTX 3090,256,60000,0.9909585949999382,0.9909288940429688,321.6679999999469,154.9177791687126,QC_CRITICAL_TOO_SHORT,True,2.076378848999866
2025-09-22T17:33:32.191824,rock-tobefilledbyoem,GPU,NVIDIA GeForce RTX 3090,256,60000,0.9832803580002292,0.9832499389648437,307.0329999999958,149.02065965583304,QC_CRITICAL_TOO_SHORT,True,2.0603384840001127
2025-09-22T17:33:34.256912,rock-tobefilledbyoem,GPU,NVIDIA GeForce RTX 3090,256,60000,0.9828993310002261,0.9828690185546874,323.7820000000065,157.07814198712032,QC_CRITICAL_TOO_SHORT,True,2.0612797929998123
2025-09-22T17:33:36.322902,rock-tobefilledbyoem,GPU,NVIDIA GeForce RTX 3090,256,60000,0.9886379869999473,0.9886095581054688,322.56200000003446,156.28747839200858,QC_CRITICAL_TOO_SHORT,True,2.063901748999797
2025-09-22T17:33:38.394859,rock-tobefilledbyoem,GPU,NVIDIA GeForce RTX 3090,320,60000,0.9822582159999911,0.9822115478515625,382.4890000000014,185.24866187497705,QC_CRITICAL_TOO_SHORT,True,2.06473286299979
2025-09-22T17:33:40.465202,rock-tobefilledbyoem,GPU,NVIDIA GeForce RTX 3090,320,60000,0.9853328419999343,0.9853040771484375,369.5009999999893,178.97818636476825,QC_CRITICAL_TOO_SHORT,True,2.0645029850002174
2025-09-22T17:33:42.535094,rock-tobefilledbyoem,GPU,NVIDIA GeForce RTX 3090,320,60000,0.9908907090002685,0.990861328125,386.41399999998976,186.3434023729699,QC_CRITICAL_TOO_SHORT,True,2.0736661189998813
2025-09-22T17:33:44.613938,rock-tobefilledbyoem,GPU,NVIDIA GeForce RTX 3090,320,60000,0.9920473960000891,0.9920184326171875,386.7619999999879,186.45828817853456,QC_CRITICAL_TOO_SHORT,True,2.0742548040002475
2025-09-22T17:33:46.693367,rock-tobefilledbyoem,GPU,NVIDIA GeForce RTX 3090,320,60000,0.9886762800001634,0.9886473999023437,386.5650000000023,186.39651954907285,QC_CRITICAL_TOO_SHORT,True,2.0738852899999074
2025-09-22T17:33:48.780126,rock-tobefilledbyoem,GPU,NVIDIA GeForce RTX 3090,384,60000,0.9946545520001564,0.9946255493164062,483.6110000000335,231.69162945303702,QC_CRITICAL_TOO_SHORT,True,2.0873045829998773
2025-09-22T17:33:50.873885,rock-tobefilledbyoem,GPU,NVIDIA GeForce RTX 3090,384,60000,0.9960081680001167,0.9959802856445312,485.28999999997905,232.00416471405364,QC_CRITICAL_TOO_SHORT,True,2.091729691999717
2025-09-22T17:33:52.971441,rock-tobefilledbyoem,GPU,NVIDIA GeForce RTX 3090,384,60000,0.9916021620001629,0.9915740356445313,486.63099999999395,233.21260450448406,QC_CRITICAL_TOO_SHORT,True,2.086641075999978
2025-09-22T17:33:55.063926,rock-tobefilledbyoem,GPU,NVIDIA GeForce RTX 3090,384,60000,0.9949308969999038,0.9949020385742188,464.4569999999949,222.48992220509098,QC_CRITICAL_TOO_SHORT,True,2.0875417430002017
2025-09-22T17:33:57.157270,rock-tobefilledbyoem,GPU,NVIDIA GeForce RTX 3090,384,60000,0.9996086250002918,0.9995796508789062,465.4400000000023,222.35421302836286,QC_CRITICAL_TOO_SHORT,True,2.0932367039999917
2025-09-22T17:33:59.263753,rock-tobefilledbyoem,GPU,NVIDIA GeForce RTX 3090,448,60000,1.18478261700011,1.18474951171875,691.3570000000182,278.46639136351973,QC_ACCEPTABLE_SHORT,True,2.482730489000005
2025-09-22T17:34:01.754096,rock-tobefilledbyoem,GPU,NVIDIA GeForce RTX 3090,448,60000,1.1834126869998727,1.18337841796875,704.6919999999809,284.15258120537817,QC_ACCEPTABLE_SHORT,True,2.479977471999973
2025-09-22T17:34:04.238333,rock-tobefilledbyoem,GPU,NVIDIA GeForce RTX 3090,448,60000,1.1846873209997284,1.1846533203125,720.8570000000182,289.9555236921709,QC_ACCEPTABLE_SHORT,True,2.4860950769998453
2025-09-22T17:34:06.728129,rock-tobefilledbyoem,GPU,NVIDIA GeForce RTX 3090,448,60000,1.1835026600001584,1.1834696044921875,724.9560000000056,292.27065935835066,QC_ACCEPTABLE_SHORT,True,2.4804268809998575
2025-09-22T17:34:09.214276,rock-tobefilledbyoem,GPU,NVIDIA GeForce RTX 3090,448,60000,1.1846754020002663,1.18464208984375,724.2249999999767,291.33660418785877,QC_ACCEPTABLE_SHORT,True,2.485870259999956
2025-09-22T17:34:11.714313,rock-tobefilledbyoem,GPU,NVIDIA GeForce RTX 3090,512,60000,1.472647052999946,1.4726082763671875,946.4650000000256,306.33025641776385,QC_PASS,True,3.089688269999897
2025-09-22T17:34:14.811526,rock-tobefilledbyoem,GPU,NVIDIA GeForce RTX 3090,512,60000,1.472815704000368,1.472764892578125,959.2189999999828,310.8875121243348,QC_PASS,True,3.0854214549999597
2025-09-22T17:34:17.907217,rock-tobefilledbyoem,GPU,NVIDIA GeForce RTX 3090,512,60000,1.4710121099997195,1.470972900390625,957.1120000000228,310.66897054454336,QC_PASS,True,3.080809770999622
2025-09-22T17:34:20.995399,rock-tobefilledbyoem,GPU,NVIDIA GeForce RTX 3090,512,60000,1.472108855999977,1.4720706787109374,956.054999999993,309.93992587129486,QC_PASS,True,3.0846461529999942
2025-09-22T17:34:24.085454,rock-tobefilledbyoem,GPU,NVIDIA GeForce RTX 3090,512,60000,1.4697815600002286,1.469744140625,950.4899999999907,308.30177460344623,QC_PASS,True,3.08298582200041
2025-09-22T17:34:27.177627,rock-tobefilledbyoem,GPU,NVIDIA GeForce RTX 3090,640,32768,1.4323115789998155,1.43227490234375,959.4479999999749,334.0477477527038,QC_PASS,True,2.872188201999961
2025-09-22T17:34:30.063966,rock-tobefilledbyoem,GPU,NVIDIA GeForce RTX 3090,640,32768,1.4290351930003453,1.4289991455078126,937.4710000000196,327.2419256022698,QC_PASS,True,2.8647643429999334
2025-09-22T17:34:32.939677,rock-tobefilledbyoem,GPU,NVIDIA GeForce RTX 3090,640,32768,1.4371850219999942,1.437148193359375,935.1779999999562,324.7769595676188,QC_PASS,True,2.8794468710002548
2025-09-22T17:34:35.828574,rock-tobefilledbyoem,GPU,NVIDIA GeForce RTX 3090,640,32768,1.4290000010000767,1.42896337890625,967.9459999999963,338.02613492055247,QC_PASS,True,2.8635241479996694
2025-09-22T17:34:38.699302,rock-tobefilledbyoem,GPU,NVIDIA GeForce RTX 3090,640,32768,1.4368785080000634,1.436843017578125,964.7710000000079,334.42740287835323,QC_PASS,True,2.8848443389997556
2025-09-22T17:34:41.605402,rock-tobefilledbyoem,GPU,NVIDIA GeForce RTX 3090,768,32768,1.9165127080000275,1.9164661865234376,1349.1529999999912,351.527338896623,QC_PASS,True,3.837974605999989
2025-09-22T17:34:45.457691,rock-tobefilledbyoem,GPU,NVIDIA GeForce RTX 3090,768,32768,1.917250198000147,1.9172044677734374,1317.948000000033,342.8403708577122,QC_PASS,True,3.8442030520000117
2025-09-22T17:34:49.315465,rock-tobefilledbyoem,GPU,NVIDIA GeForce RTX 3090,768,32768,1.9170660570002838,1.917021240234375,1355.8099999999977,353.4605381258237,QC_PASS,True,3.835817166999732
2025-09-22T17:34:53.161325,rock-tobefilledbyoem,GPU,NVIDIA GeForce RTX 3090,768,32768,1.919587787999717,1.9195433349609374,1316.7019999999902,342.765496482169,QC_PASS,True,3.8414076490003026
2025-09-22T17:34:57.014940,rock-tobefilledbyoem,GPU,NVIDIA GeForce RTX 3090,768,32768,1.9184241010002552,1.918381103515625,1354.6010000000242,352.8005231461663,QC_PASS,True,3.839566302000094
2025-09-22T17:35:00.866759,rock-tobefilledbyoem,GPU,NVIDIA GeForce RTX 3090,896,16384,1.5368373400001474,1.53680078125,1067.6889999999548,347.04450005499234,QC_PASS,True,3.0765190050001365
2025-09-22T17:35:03.958517,rock-tobefilledbyoem,GPU,NVIDIA GeForce RTX 3090,896,16384,1.5383567310000217,1.5383214111328125,1072.4910000000382,348.5995117627465,QC_PASS,True,3.0765705740000158
2025-09-22T17:35:07.050165,rock-tobefilledbyoem,GPU,NVIDIA GeForce RTX 3090,896,16384,1.5388044600003923,1.538755615234375,1074.7519999999786,348.44183176815545,QC_PASS,True,3.0844516990000557
2025-09-22T17:35:10.149043,rock-tobefilledbyoem,GPU,NVIDIA GeForce RTX 3090,896,16384,1.5382286219996786,1.538193359375,1074.2960000000312,348.36756836835343,QC_PASS,True,3.0838002659997983
2025-09-22T17:35:13.245307,rock-tobefilledbyoem,GPU,NVIDIA GeForce RTX 3090,896,16384,1.5406066949999513,1.540570068359375,1075.1569999999483,349.1409062450144,QC_PASS,True,3.079435783000008
2025-09-22T17:35:16.346190,rock-tobefilledbyoem,GPU,NVIDIA GeForce RTX 3090,1024,8192,1.0633105070000965,1.0632816162109375,726.9210000000312,341.32117521173694,QC_ACCEPTABLE_SHORT,True,2.1297272269998757
2025-09-22T17:35:18.495593,rock-tobefilledbyoem,GPU,NVIDIA GeForce RTX 3090,1024,8192,1.064055013000143,1.064027099609375,757.1589999999851,355.23052160739684,QC_ACCEPTABLE_SHORT,True,2.131458176999786
2025-09-22T17:35:20.645690,rock-tobefilledbyoem,GPU,NVIDIA GeForce RTX 3090,1024,8192,1.0654537139998865,1.065427001953125,728.6870000000345,341.75368673764234,QC_ACCEPTABLE_SHORT,True,2.13219938300017
2025-09-22T17:35:22.795466,rock-tobefilledbyoem,GPU,NVIDIA GeForce RTX 3090,1024,8192,1.0659757419998641,1.0659501953125,757.0469999999623,355.0209081905586,QC_ACCEPTABLE_SHORT,True,2.1324011699998664
2025-09-22T17:35:24.945325,rock-tobefilledbyoem,GPU,NVIDIA GeForce RTX 3090,1024,8192,1.0656339970000772,1.065608154296875,726.9380000000237,340.8073705502038,QC_ACCEPTABLE_SHORT,True,2.132987906999915
2025-09-22T17:35:27.106337,rock-tobefilledbyoem,GPU,NVIDIA GeForce RTX 3090,1152,8192,1.2945282219998262,1.294498779296875,903.4159999999683,347.4595759192391,QC_PASS,True,2.6000607340001807
2025-09-22T17:35:29.730466,rock-tobefilledbyoem,GPU,NVIDIA GeForce RTX 3090,1152,8192,1.293116571000155,1.2930877685546875,897.9480000000331,345.81748346320893,QC_PASS,True,2.5965951490002226
2025-09-22T17:35:32.348861,rock-tobefilledbyoem,GPU,NVIDIA GeForce RTX 3090,1152,8192,1.294161830000121,1.29413330078125,894.3009999999776,344.9828097414709,QC_PASS,True,2.5923059779997857
2025-09-22T17:35:34.962549,rock-tobefilledbyoem,GPU,NVIDIA GeForce RTX 3090,1152,8192,1.2944215790003,1.294392333984375,895.6770000000251,345.3632145593611,QC_PASS,True,2.593434860000343
2025-09-22T17:35:37.577424,rock-tobefilledbyoem,GPU,NVIDIA GeForce RTX 3090,1152,8192,1.2931873119996453,1.2931470947265624,898.3589999999967,346.67621300527594,QC_PASS,True,2.5913488329997563
2025-09-22T17:35:40.197406,rock-tobefilledbyoem,GPU,NVIDIA GeForce RTX 3090,1280,4096,1.0140206370001579,1.0139965209960937,700.4400000000023,344.8456722714558,QC_ACCEPTABLE_SHORT,True,2.0311694659999375
2025-09-22T17:35:42.260482,rock-tobefilledbyoem,GPU,NVIDIA GeForce RTX 3090,1280,4096,1.0142433070000152,1.0142177124023437,690.5260000000126,339.7510177664448,QC_ACCEPTABLE_SHORT,True,2.0324471859998994
2025-09-22T17:35:44.317854,rock-tobefilledbyoem,GPU,NVIDIA GeForce RTX 3090,1280,4096,1.0139858389998153,1.0139617309570312,695.1429999999818,341.7625966873591,QC_ACCEPTABLE_SHORT,True,2.033993792000274
2025-09-22T17:35:46.378117,rock-tobefilledbyoem,GPU,NVIDIA GeForce RTX 3090,1280,4096,1.0139763219999622,1.0139514770507811,723.1909999999916,355.6682734624682,QC_ACCEPTABLE_SHORT,True,2.033330083000237
2025-09-22T17:35:48.437273,rock-tobefilledbyoem,GPU,NVIDIA GeForce RTX 3090,1280,4096,1.0143520970000282,1.0143283081054688,691.1620000000112,339.8277857614545,QC_ACCEPTABLE_SHORT,True,2.033859587000279
2025-09-22T17:35:50.503975,rock-tobefilledbyoem,GPU,NVIDIA GeForce RTX 3090,1408,4096,1.1993196960002024,1.1992923583984374,833.4859999999753,346.92923734645876,QC_ACCEPTABLE_SHORT,True,2.4024668729998666
2025-09-22T17:35:52.938443,rock-tobefilledbyoem,GPU,NVIDIA GeForce RTX 3090,1408,4096,1.20007307700007,1.2000460205078125,824.4280000000144,343.0034154961292,QC_PASS,True,2.403556240999933
2025-09-22T17:35:55.376408,rock-tobefilledbyoem,GPU,NVIDIA GeForce RTX 3090,1408,4096,1.1995429910002713,1.1995167236328126,825.4820000000182,342.72124817006215,QC_ACCEPTABLE_SHORT,True,2.4086105090000274
2025-09-22T17:35:57.818074,rock-tobefilledbyoem,GPU,NVIDIA GeForce RTX 3090,1408,4096,1.200101456000084,1.20007470703125,828.1510000000126,343.8812899750846,QC_PASS,True,2.408246753000185
2025-09-22T17:36:00.257192,rock-tobefilledbyoem,GPU,NVIDIA GeForce RTX 3090,1408,4096,1.2009241989999282,1.2008980712890625,823.1419999999925,341.51799943349204,QC_PASS,True,2.4102448520002326
2025-09-22T17:36:02.705234,rock-tobefilledbyoem,GPU,NVIDIA GeForce RTX 3090,1536,4096,1.3627817359997607,1.3627535400390625,926.859999999986,337.2588348713679,QC_PASS,True,2.748215625999819
2025-09-22T17:36:05.492227,rock-tobefilledbyoem,GPU,NVIDIA GeForce RTX 3090,1536,4096,1.361907715000143,1.3618790283203126,934.5229999999865,340.3616852406767,QC_PASS,True,2.7456762629999503
2025-09-22T17:36:08.273120,rock-tobefilledbyoem,GPU,NVIDIA GeForce RTX 3090,1536,4096,1.3617460939999546,1.36171826171875,963.9920000000275,352.08321075681,QC_PASS,True,2.7379663970000365
2025-09-22T17:36:11.050502,rock-tobefilledbyoem,GPU,NVIDIA GeForce RTX 3090,1536,4096,1.3630609749998257,1.3630321044921876,962.0740000000224,351.84107509271206,QC_PASS,True,2.7343993300000875
2025-09-22T17:36:13.823373,rock-tobefilledbyoem,GPU,NVIDIA GeForce RTX 3090,1536,4096,1.3619840070000464,1.3619569091796875,927.5999999999767,339.40393246186346,QC_PASS,True,2.733026672000051
