timestamp,host,device,device_model,matrix_size,batch_size,runtime_s,gpu_kernel_time_s,energy_j_gpu,energy_j_cpu,power_w_gpu,power_w_cpu,qc_status,power_reliable
2025-09-22T21:01:50.082937,rock-tobefilledbyoem,CPU,AMD Ryzen Threadripper 3970X 32-Core Processor,64,60000,0.52454828000009,,,58.813396000001376,,112.04501863978014,QC_CRITICAL_TOO_SHORT,True
2025-09-22T21:01:51.717384,rock-tobefilledbyoem,CPU,AMD Ryzen Threadripper 3970X 32-Core Processor,64,60000,0.525728448999871,,,58.97146799999973,,112.09550385870024,QC_CRITICAL_TOO_SHORT,True
2025-09-22T21:01:53.350103,rock-tobefilledbyoem,CPU,AMD Ryzen Threadripper 3970X 32-Core Processor,64,60000,0.5290541619997384,,,59.39745699999912,,112.19727444896198,QC_CRITICAL_TOO_SHORT,True
2025-09-22T21:01:54.985521,rock-tobefilledbyoem,CPU,AMD Ryzen Threadripper 3970X 32-Core Processor,64,60000,0.525830489999862,,,59.119729999998526,,112.35036635428848,QC_CRITICAL_TOO_SHORT,True
2025-09-22T21:01:56.615787,rock-tobefilledbyoem,CPU,AMD Ryzen Threadripper 3970X 32-Core Processor,64,60000,0.5280970359999628,,,59.27989399999933,,112.17938044871569,QC_CRITICAL_TOO_SHORT,True
2025-09-22T21:01:58.252277,rock-tobefilledbyoem,CPU,AMD Ryzen Threadripper 3970X 32-Core Processor,96,60000,0.7793850669986568,,,103.91352499999994,,133.05073050098247,QC_CRITICAL_TOO_SHORT,True
2025-09-22T21:02:00.715083,rock-tobefilledbyoem,CPU,AMD Ryzen Threadripper 3970X 32-Core Processor,96,60000,0.7865197039991472,,,104.73231599999781,,133.0991303031983,QC_CRITICAL_TOO_SHORT,True
2025-09-22T21:02:03.135227,rock-tobefilledbyoem,CPU,AMD Ryzen Threadripper 3970X 32-Core Processor,96,60000,0.7793686040004104,,,104.05107600000338,,133.4470491362789,QC_CRITICAL_TOO_SHORT,True
2025-09-22T21:02:05.458056,rock-tobefilledbyoem,CPU,AMD Ryzen Threadripper 3970X 32-Core Processor,96,60000,0.7729965220005397,,,103.34652199999982,,133.63160134698109,QC_CRITICAL_TOO_SHORT,True
2025-09-22T21:02:07.879725,rock-tobefilledbyoem,CPU,AMD Ryzen Threadripper 3970X 32-Core Processor,96,60000,0.7873880909992295,,,104.98159999999916,,133.271054628929,QC_CRITICAL_TOO_SHORT,True
2025-09-22T21:02:10.226920,rock-tobefilledbyoem,CPU,AMD Ryzen Threadripper 3970X 32-Core Processor,128,60000,1.2120758019991626,,,179.59947600000305,,148.13122499543638,QC_PASS,True
2025-09-22T21:02:14.021406,rock-tobefilledbyoem,CPU,AMD Ryzen Threadripper 3970X 32-Core Processor,128,60000,1.2220716800002265,,,180.55230999999912,,147.6997682501465,QC_PASS,True
2025-09-22T21:02:17.784018,rock-tobefilledbyoem,CPU,AMD Ryzen Threadripper 3970X 32-Core Processor,128,60000,1.2213556679998874,,,180.4575560000012,,147.70900722252418,QC_PASS,True
2025-09-22T21:02:21.559939,rock-tobefilledbyoem,CPU,AMD Ryzen Threadripper 3970X 32-Core Processor,128,60000,1.2216868819996307,,,180.54620400000567,,147.7385314762283,QC_PASS,True
2025-09-22T21:02:25.337041,rock-tobefilledbyoem,CPU,AMD Ryzen Threadripper 3970X 32-Core Processor,128,60000,1.2928031030005513,,,189.53945399999793,,146.56959441346334,QC_PASS,True
2025-09-22T21:02:29.199648,rock-tobefilledbyoem,CPU,AMD Ryzen Threadripper 3970X 32-Core Processor,160,32768,1.15401701600058,,,174.28581600000325,,150.97803199594952,QC_ACCEPTABLE_SHORT,True
2025-09-22T21:02:32.684130,rock-tobefilledbyoem,CPU,AMD Ryzen Threadripper 3970X 32-Core Processor,160,32768,1.149616873000923,,,173.59881000000314,,150.95625460194356,QC_ACCEPTABLE_SHORT,True
2025-09-22T21:02:36.114463,rock-tobefilledbyoem,CPU,AMD Ryzen Threadripper 3970X 32-Core Processor,160,32768,1.1469490729996323,,,173.2950239999991,,151.042049716544,QC_ACCEPTABLE_SHORT,True
2025-09-22T21:02:39.562838,rock-tobefilledbyoem,CPU,AMD Ryzen Threadripper 3970X 32-Core Processor,160,32768,1.1501811319994886,,,173.6021980000005,,150.8882187198273,QC_ACCEPTABLE_SHORT,True
2025-09-22T21:02:42.995917,rock-tobefilledbyoem,CPU,AMD Ryzen Threadripper 3970X 32-Core Processor,160,32768,1.1539907639999,,,174.21044199999596,,150.91634912506498,QC_ACCEPTABLE_SHORT,True
2025-09-22T21:02:46.453663,rock-tobefilledbyoem,CPU,AMD Ryzen Threadripper 3970X 32-Core Processor,192,32768,1.7177872379998007,,,263.99663199999486,,153.6506417447473,QC_PASS,True
2025-09-22T21:02:51.519882,rock-tobefilledbyoem,CPU,AMD Ryzen Threadripper 3970X 32-Core Processor,192,32768,1.672464025001318,,,258.5205960000021,,154.5414766870245,QC_PASS,True
2025-09-22T21:02:56.556628,rock-tobefilledbyoem,CPU,AMD Ryzen Threadripper 3970X 32-Core Processor,192,32768,1.6893035199991573,,,260.3809140000012,,154.10339435497195,QC_PASS,True
2025-09-22T21:03:01.625367,rock-tobefilledbyoem,CPU,AMD Ryzen Threadripper 3970X 32-Core Processor,192,32768,1.673071297000206,,,258.56485899999825,,154.51246968450639,QC_PASS,True
2025-09-22T21:03:06.655068,rock-tobefilledbyoem,CPU,AMD Ryzen Threadripper 3970X 32-Core Processor,192,32768,1.741312250998817,,,266.1602009999988,,152.81757097583844,QC_PASS,True
2025-09-22T21:03:11.961417,rock-tobefilledbyoem,CPU,AMD Ryzen Threadripper 3970X 32-Core Processor,224,16384,1.2863396749999083,,,200.81738799999584,,156.07226254981828,QC_PASS,True
2025-09-22T21:03:15.835079,rock-tobefilledbyoem,CPU,AMD Ryzen Threadripper 3970X 32-Core Processor,224,16384,1.2844457530009095,,,200.4198269999979,,155.99264426423778,QC_PASS,True
2025-09-22T21:03:19.683869,rock-tobefilledbyoem,CPU,AMD Ryzen Threadripper 3970X 32-Core Processor,224,16384,1.3062020640008996,,,203.0014200000005,,155.37069376964104,QC_PASS,True
2025-09-22T21:03:23.535311,rock-tobefilledbyoem,CPU,AMD Ryzen Threadripper 3970X 32-Core Processor,224,16384,1.2913575590009714,,,201.53102000000217,,156.0154864896757,QC_PASS,True
2025-09-22T21:03:27.388078,rock-tobefilledbyoem,CPU,AMD Ryzen Threadripper 3970X 32-Core Processor,224,16384,1.2851678099996207,,,200.67205800000374,,156.1016728191936,QC_PASS,True
2025-09-22T21:03:31.265650,rock-tobefilledbyoem,CPU,AMD Ryzen Threadripper 3970X 32-Core Processor,256,16384,1.8550286569989112,,,291.79210000000603,,157.26430975360284,QC_PASS,True
2025-09-22T21:03:36.852925,rock-tobefilledbyoem,CPU,AMD Ryzen Threadripper 3970X 32-Core Processor,256,16384,1.849394109000059,,,291.09984399999666,,157.37266222333602,QC_PASS,True
2025-09-22T21:03:42.387452,rock-tobefilledbyoem,CPU,AMD Ryzen Threadripper 3970X 32-Core Processor,256,16384,1.848426147000282,,,291.4586200000049,,157.6482119432659,QC_PASS,True
2025-09-22T21:03:47.917564,rock-tobefilledbyoem,CPU,AMD Ryzen Threadripper 3970X 32-Core Processor,256,16384,1.8644348899997567,,,293.06153600000107,,157.15384709878808,QC_PASS,True
2025-09-22T21:03:53.467190,rock-tobefilledbyoem,CPU,AMD Ryzen Threadripper 3970X 32-Core Processor,256,16384,1.8570167279995076,,,292.1359239999947,,157.28465369225043,QC_PASS,True
2025-09-22T21:03:59.030285,rock-tobefilledbyoem,CPU,AMD Ryzen Threadripper 3970X 32-Core Processor,320,8192,1.6466102970007341,,,263.95390999999654,,160.2668951038227,QC_PASS,True
2025-09-22T21:04:03.918834,rock-tobefilledbyoem,CPU,AMD Ryzen Threadripper 3970X 32-Core Processor,320,8192,1.631303267999101,,,262.5867320000034,,160.93312677666955,QC_PASS,True
2025-09-22T21:04:08.832313,rock-tobefilledbyoem,CPU,AMD Ryzen Threadripper 3970X 32-Core Processor,320,8192,1.6364113199997519,,,262.8933259999976,,160.61568589293447,QC_PASS,True
2025-09-22T21:04:13.733750,rock-tobefilledbyoem,CPU,AMD Ryzen Threadripper 3970X 32-Core Processor,320,8192,1.624863496999751,,,261.39270199999737,,160.83293768601783,QC_PASS,True
2025-09-22T21:04:18.606561,rock-tobefilledbyoem,CPU,AMD Ryzen Threadripper 3970X 32-Core Processor,320,8192,1.6257738029999018,,,261.8426150000014,,161.01797179560165,QC_PASS,True
2025-09-22T21:04:23.467537,rock-tobefilledbyoem,CPU,AMD Ryzen Threadripper 3970X 32-Core Processor,384,4096,1.3086668079995434,,,212.21125600000232,,162.11150844033273,QC_PASS,True
2025-09-22T21:04:27.376336,rock-tobefilledbyoem,CPU,AMD Ryzen Threadripper 3970X 32-Core Processor,384,4096,1.3181978539996635,,,213.3652779999975,,161.8164560600892,QC_PASS,True
2025-09-22T21:04:31.297123,rock-tobefilledbyoem,CPU,AMD Ryzen Threadripper 3970X 32-Core Processor,384,4096,1.3110020410003926,,,212.68437399999675,,162.186249782042,QC_PASS,True
2025-09-22T21:04:35.218106,rock-tobefilledbyoem,CPU,AMD Ryzen Threadripper 3970X 32-Core Processor,384,4096,1.3182140070002788,,,213.26823600000353,,161.74053187259622,QC_PASS,True
2025-09-22T21:04:39.170628,rock-tobefilledbyoem,CPU,AMD Ryzen Threadripper 3970X 32-Core Processor,384,4096,1.3128468199993222,,,212.34564800000226,,161.58987521005375,QC_PASS,True
2025-09-22T21:04:43.110769,rock-tobefilledbyoem,CPU,AMD Ryzen Threadripper 3970X 32-Core Processor,448,2048,1.045623407999301,,,170.2747159999999,,162.78211597830565,QC_ACCEPTABLE_SHORT,True
2025-09-22T21:04:46.245285,rock-tobefilledbyoem,CPU,AMD Ryzen Threadripper 3970X 32-Core Processor,448,2048,1.0334161310001946,,,168.2184419999976,,162.71746864657683,QC_ACCEPTABLE_SHORT,True
2025-09-22T21:04:49.339152,rock-tobefilledbyoem,CPU,AMD Ryzen Threadripper 3970X 32-Core Processor,448,2048,1.0516932049995376,,,170.46301799999492,,162.02833273881166,QC_ACCEPTABLE_SHORT,True
2025-09-22T21:04:52.443665,rock-tobefilledbyoem,CPU,AMD Ryzen Threadripper 3970X 32-Core Processor,448,2048,1.032039612000517,,,168.2631640000036,,162.6317806605089,QC_ACCEPTABLE_SHORT,True
2025-09-22T21:04:55.526369,rock-tobefilledbyoem,CPU,AMD Ryzen Threadripper 3970X 32-Core Processor,448,2048,1.036817730000621,,,168.66348799999832,,162.61476841553937,QC_ACCEPTABLE_SHORT,True
2025-09-22T21:04:58.652801,rock-tobefilledbyoem,CPU,AMD Ryzen Threadripper 3970X 32-Core Processor,512,2048,1.5309743639991211,,,250.568646000007,,163.62626917428588,QC_PASS,True
2025-09-22T21:05:03.248589,rock-tobefilledbyoem,CPU,AMD Ryzen Threadripper 3970X 32-Core Processor,512,2048,1.518807676000506,,,248.4388739999995,,163.5344137655862,QC_PASS,True
2025-09-22T21:05:07.795084,rock-tobefilledbyoem,CPU,AMD Ryzen Threadripper 3970X 32-Core Processor,512,2048,1.5127796619999572,,,247.86871200000314,,163.8067653480149,QC_PASS,True
2025-09-22T21:05:12.352310,rock-tobefilledbyoem,CPU,AMD Ryzen Threadripper 3970X 32-Core Processor,512,2048,1.5204237580001063,,,248.33067899999878,,163.291394935698,QC_PASS,True
2025-09-22T21:05:16.849726,rock-tobefilledbyoem,CPU,AMD Ryzen Threadripper 3970X 32-Core Processor,512,2048,1.5132843869996577,,,247.78717399999732,,163.70359807854845,QC_PASS,True
2025-09-22T21:05:21.399887,rock-tobefilledbyoem,CPU,AMD Ryzen Threadripper 3970X 32-Core Processor,640,1024,1.434789611999804,,,238.85706399999617,,166.43089270938592,QC_PASS,True
2025-09-22T21:05:25.733268,rock-tobefilledbyoem,CPU,AMD Ryzen Threadripper 3970X 32-Core Processor,640,1024,1.4357485119999183,,,238.92389200000616,,166.3687741353986,QC_PASS,True
2025-09-22T21:05:30.098314,rock-tobefilledbyoem,CPU,AMD Ryzen Threadripper 3970X 32-Core Processor,640,1024,1.4391558339993935,,,239.64050000000861,,166.4707685717368,QC_PASS,True
2025-09-22T21:05:34.459356,rock-tobefilledbyoem,CPU,AMD Ryzen Threadripper 3970X 32-Core Processor,640,1024,1.4560443130012573,,,241.30084599999827,,165.4581119641818,QC_PASS,True
2025-09-22T21:05:38.799099,rock-tobefilledbyoem,CPU,AMD Ryzen Threadripper 3970X 32-Core Processor,640,1024,1.4365250310002011,,,239.1640839999891,,166.44300811217403,QC_PASS,True
2025-09-22T21:05:43.123283,rock-tobefilledbyoem,CPU,AMD Ryzen Threadripper 3970X 32-Core Processor,768,512,1.167106564000278,,,194.73683100000198,,166.79915326570824,QC_ACCEPTABLE_SHORT,True
2025-09-22T21:05:46.658450,rock-tobefilledbyoem,CPU,AMD Ryzen Threadripper 3970X 32-Core Processor,768,512,1.207121420000476,,,199.59166799999366,,165.29185185340972,QC_PASS,True
2025-09-22T21:05:50.221042,rock-tobefilledbyoem,CPU,AMD Ryzen Threadripper 3970X 32-Core Processor,768,512,1.1767273589994147,,,195.60948400000052,,166.17376009265848,QC_ACCEPTABLE_SHORT,True
2025-09-22T21:05:53.752044,rock-tobefilledbyoem,CPU,AMD Ryzen Threadripper 3970X 32-Core Processor,768,512,1.1599132570008805,,,193.360606000002,,166.64900005492214,QC_ACCEPTABLE_SHORT,True
2025-09-22T21:05:57.260654,rock-tobefilledbyoem,CPU,AMD Ryzen Threadripper 3970X 32-Core Processor,768,512,1.159732959999019,,,193.45462599999155,,166.75334357682618,QC_ACCEPTABLE_SHORT,True
2025-09-22T21:06:00.761809,rock-tobefilledbyoem,CPU,AMD Ryzen Threadripper 3970X 32-Core Processor,896,512,1.9297284990007029,,,319.51240799999505,,165.53651565239747,QC_PASS,True
2025-09-22T21:06:06.572319,rock-tobefilledbyoem,CPU,AMD Ryzen Threadripper 3970X 32-Core Processor,896,512,1.8689261060007993,,,312.1123680000019,,166.96266647720253,QC_PASS,True
2025-09-22T21:06:12.311779,rock-tobefilledbyoem,CPU,AMD Ryzen Threadripper 3970X 32-Core Processor,896,512,1.84452807299931,,,309.23538199999894,,167.53296155551232,QC_PASS,True
2025-09-22T21:06:18.025297,rock-tobefilledbyoem,CPU,AMD Ryzen Threadripper 3970X 32-Core Processor,896,512,1.8393543570000475,,,308.6149299999961,,167.74429297797158,QC_PASS,True
2025-09-22T21:06:23.717921,rock-tobefilledbyoem,CPU,AMD Ryzen Threadripper 3970X 32-Core Processor,896,512,1.8742615819992352,,,312.82183599998825,,166.86451658097243,QC_PASS,True
2025-09-22T21:06:29.395068,rock-tobefilledbyoem,CPU,AMD Ryzen Threadripper 3970X 32-Core Processor,1024,256,1.3968191120002302,,,233.08798199999728,,166.8091818440971,QC_PASS,True
2025-09-22T21:06:33.748865,rock-tobefilledbyoem,CPU,AMD Ryzen Threadripper 3970X 32-Core Processor,1024,256,1.3831828299989866,,,231.06072700000368,,166.99027404745408,QC_PASS,True
2025-09-22T21:06:38.077151,rock-tobefilledbyoem,CPU,AMD Ryzen Threadripper 3970X 32-Core Processor,1024,256,1.3861392899998464,,,231.5208019999991,,166.9632840046484,QC_PASS,True
2025-09-22T21:06:42.382383,rock-tobefilledbyoem,CPU,AMD Ryzen Threadripper 3970X 32-Core Processor,1024,256,1.3847152819998882,,,231.41634799999883,,167.05890165574897,QC_PASS,True
2025-09-22T21:06:46.710458,rock-tobefilledbyoem,CPU,AMD Ryzen Threadripper 3970X 32-Core Processor,1024,256,1.388367150000704,,,231.95397600000433,,167.01042527944225,QC_PASS,True
2025-09-22T21:06:51.038994,rock-tobefilledbyoem,CPU,AMD Ryzen Threadripper 3970X 32-Core Processor,1152,128,0.971595458999218,,,163.43481600000814,,168.11307626887705,QC_CRITICAL_TOO_SHORT,True
2025-09-22T21:06:54.067472,rock-tobefilledbyoem,CPU,AMD Ryzen Threadripper 3970X 32-Core Processor,1152,128,0.9751013850000163,,,163.60242400001152,,167.67843008736972,QC_CRITICAL_TOO_SHORT,True
2025-09-22T21:06:57.108731,rock-tobefilledbyoem,CPU,AMD Ryzen Threadripper 3970X 32-Core Processor,1152,128,0.9766628720008157,,,163.7601779999968,,167.5680364551124,QC_CRITICAL_TOO_SHORT,True
2025-09-22T21:07:00.141749,rock-tobefilledbyoem,CPU,AMD Ryzen Threadripper 3970X 32-Core Processor,1152,128,0.9704596869996749,,,163.18060200000764,,168.05490339023484,QC_CRITICAL_TOO_SHORT,True
2025-09-22T21:07:03.168059,rock-tobefilledbyoem,CPU,AMD Ryzen Threadripper 3970X 32-Core Processor,1152,128,0.9735581019995152,,,163.6880999999994,,168.03332983119836,QC_CRITICAL_TOO_SHORT,True
2025-09-22T21:07:06.225485,rock-tobefilledbyoem,CPU,AMD Ryzen Threadripper 3970X 32-Core Processor,1280,128,1.348371660000339,,,227.82964999999967,,168.88993099078533,QC_PASS,True
2025-09-22T21:07:10.400177,rock-tobefilledbyoem,CPU,AMD Ryzen Threadripper 3970X 32-Core Processor,1280,128,1.3429175119999854,,,226.69015199999558,,168.72966122406706,QC_PASS,True
2025-09-22T21:07:14.569645,rock-tobefilledbyoem,CPU,AMD Ryzen Threadripper 3970X 32-Core Processor,1280,128,1.3449029090006661,,,226.83159200000227,,168.58531206125508,QC_PASS,True
2025-09-22T21:07:18.741611,rock-tobefilledbyoem,CPU,AMD Ryzen Threadripper 3970X 32-Core Processor,1280,128,1.3809003330006817,,,231.07316400000127,,167.2653070139396,QC_PASS,True
2025-09-22T21:07:22.951043,rock-tobefilledbyoem,CPU,AMD Ryzen Threadripper 3970X 32-Core Processor,1280,128,1.3594817370012606,,,228.80530599999474,,168.2286488888953,QC_PASS,True
2025-09-22T21:07:27.139207,rock-tobefilledbyoem,CPU,AMD Ryzen Threadripper 3970X 32-Core Processor,1408,128,1.7695378869993874,,,298.2195020000072,,168.473259442442,QC_PASS,True
2025-09-22T21:07:32.606538,rock-tobefilledbyoem,CPU,AMD Ryzen Threadripper 3970X 32-Core Processor,1408,128,1.7647415439987526,,,297.9327120000089,,168.76928014499418,QC_PASS,True
2025-09-22T21:07:38.070077,rock-tobefilledbyoem,CPU,AMD Ryzen Threadripper 3970X 32-Core Processor,1408,128,1.7760885110001254,,,300.02440099998785,,168.8651428749862,QC_PASS,True
2025-09-22T21:07:43.543603,rock-tobefilledbyoem,CPU,AMD Ryzen Threadripper 3970X 32-Core Processor,1408,128,1.7614670940001815,,,297.41400199999043,,168.7877181041417,QC_PASS,True
2025-09-22T21:07:49.026573,rock-tobefilledbyoem,CPU,AMD Ryzen Threadripper 3970X 32-Core Processor,1408,128,1.7641124260007928,,,297.8261360000033,,168.76933749507782,QC_PASS,True
2025-09-22T21:07:54.493621,rock-tobefilledbyoem,CPU,AMD Ryzen Threadripper 3970X 32-Core Processor,1536,64,1.1474841209983424,,,194.60239400000137,,169.50482557359354,QC_ACCEPTABLE_SHORT,True
2025-09-22T21:07:58.052414,rock-tobefilledbyoem,CPU,AMD Ryzen Threadripper 3970X 32-Core Processor,1536,64,1.1489846949989442,,,194.4139259999938,,169.12104517089602,QC_ACCEPTABLE_SHORT,True
2025-09-22T21:08:01.590681,rock-tobefilledbyoem,CPU,AMD Ryzen Threadripper 3970X 32-Core Processor,1536,64,1.146360368000387,,,193.56803900000523,,168.7710559217186,QC_ACCEPTABLE_SHORT,True
2025-09-22T21:08:05.121648,rock-tobefilledbyoem,CPU,AMD Ryzen Threadripper 3970X 32-Core Processor,1536,64,1.1396154789999855,,,193.0221220000094,,169.29027886666708,QC_ACCEPTABLE_SHORT,True
2025-09-22T21:08:08.678927,rock-tobefilledbyoem,CPU,AMD Ryzen Threadripper 3970X 32-Core Processor,1536,64,1.1402252919997409,,,193.252794,,169.40304927336766,QC_ACCEPTABLE_SHORT,True
