timestamp,host,device,device_model,matrix_size,batch_size,runtime_s,gpu_kernel_time_s,energy_j_gpu,energy_j_cpu,power_w_gpu,power_w_cpu,qc_status,power_reliable
2025-09-24T11:49:20.312423,rock-tobefilledbyoem,CPU,AMD Ryzen Threadripper 3970X 32-Core Processor,64,60000,0.5276099779998731,,,60.84826199999952,,115.24573284329007,QC_CRITICAL_TOO_SHORT,True
2025-09-24T11:49:21.956423,rock-tobefilledbyoem,CPU,AMD Ryzen Threadripper 3970X 32-Core Processor,64,60000,0.5273299730001781,,,60.815992999996524,,115.24494540350624,QC_CRITICAL_TOO_SHORT,True
2025-09-24T11:49:23.597141,rock-tobefilledbyoem,CPU,AMD Ryzen Threadripper 3970X 32-Core Processor,64,60000,0.5257834250000997,,,60.69560800000181,,115.36126842536346,QC_CRITICAL_TOO_SHORT,True
2025-09-24T11:49:25.232590,rock-tobefilledbyoem,CPU,AMD Ryzen Threadripper 3970X 32-Core Processor,64,60000,0.5267348010002024,,,60.812283999999636,,115.37429764402071,QC_CRITICAL_TOO_SHORT,True
2025-09-24T11:49:26.871548,rock-tobefilledbyoem,CPU,AMD Ryzen Threadripper 3970X 32-Core Processor,64,60000,0.5254214259998662,,,60.60419600000023,,115.26621066921072,QC_CRITICAL_TOO_SHORT,True
2025-09-24T11:49:28.507368,rock-tobefilledbyoem,CPU,AMD Ryzen Threadripper 3970X 32-Core Processor,96,60000,0.7809408479997728,,,106.44249400000263,,136.23307068741525,QC_CRITICAL_TOO_SHORT,True
2025-09-24T11:49:30.923889,rock-tobefilledbyoem,CPU,AMD Ryzen Threadripper 3970X 32-Core Processor,96,60000,0.6990887800002383,,,96.65581399999792,,138.1904137519217,QC_CRITICAL_TOO_SHORT,True
2025-09-24T11:49:33.259337,rock-tobefilledbyoem,CPU,AMD Ryzen Threadripper 3970X 32-Core Processor,96,60000,0.7763493630000085,,,106.2486560000034,,136.79144242515082,QC_CRITICAL_TOO_SHORT,True
2025-09-24T11:49:35.595523,rock-tobefilledbyoem,CPU,AMD Ryzen Threadripper 3970X 32-Core Processor,96,60000,0.6962289170000986,,,96.31081599999743,,138.26140346556303,QC_CRITICAL_TOO_SHORT,True
2025-09-24T11:49:37.979353,rock-tobefilledbyoem,CPU,AMD Ryzen Threadripper 3970X 32-Core Processor,96,60000,0.7696854629998597,,,105.07290400000056,,136.44838627591054,QC_CRITICAL_TOO_SHORT,True
2025-09-24T11:49:40.305739,rock-tobefilledbyoem,CPU,AMD Ryzen Threadripper 3970X 32-Core Processor,128,32768,0.8780489519999719,,,142.17907800000103,,161.85879112521565,QC_CRITICAL_TOO_SHORT,True
2025-09-24T11:49:43.418833,rock-tobefilledbyoem,CPU,AMD Ryzen Threadripper 3970X 32-Core Processor,128,60000,1.9114907779999157,,,303.88452400000824,,158.94669599117697,QC_PASS,True
2025-09-24T11:49:49.125836,rock-tobefilledbyoem,CPU,AMD Ryzen Threadripper 3970X 32-Core Processor,128,32768,0.8727427709995936,,,141.2604100000026,,161.79422341259883,QC_CRITICAL_TOO_SHORT,True
2025-09-24T11:49:52.189474,rock-tobefilledbyoem,CPU,AMD Ryzen Threadripper 3970X 32-Core Processor,128,60000,1.8838900900000226,,,298.942670000004,,158.65504036455448,QC_PASS,True
2025-09-24T11:49:57.896595,rock-tobefilledbyoem,CPU,AMD Ryzen Threadripper 3970X 32-Core Processor,128,32768,0.8974767580002663,,,144.56973200000357,,161.01973966774557,QC_CRITICAL_TOO_SHORT,True
2025-09-24T11:50:00.990076,rock-tobefilledbyoem,CPU,AMD Ryzen Threadripper 3970X 32-Core Processor,160,32768,1.683444308000162,,,323.8832439999969,,192.3543061368482,QC_PASS,True
2025-09-24T11:50:05.971608,rock-tobefilledbyoem,CPU,AMD Ryzen Threadripper 3970X 32-Core Processor,160,32768,1.503809044999798,,,294.4136060000019,,195.73372572340114,QC_PASS,True
2025-09-24T11:50:10.993767,rock-tobefilledbyoem,CPU,AMD Ryzen Threadripper 3970X 32-Core Processor,160,32768,1.6846071919999304,,,324.6453820000024,,192.6713616685354,QC_PASS,True
2025-09-24T11:50:16.011280,rock-tobefilledbyoem,CPU,AMD Ryzen Threadripper 3970X 32-Core Processor,160,32768,1.5082837129998552,,,295.05486999999266,,195.57730252946922,QC_PASS,True
2025-09-24T11:50:21.067901,rock-tobefilledbyoem,CPU,AMD Ryzen Threadripper 3970X 32-Core Processor,160,32768,1.693553083000097,,,326.04579200000444,,192.4814980801309,QC_PASS,True
2025-09-24T11:50:26.113436,rock-tobefilledbyoem,CPU,AMD Ryzen Threadripper 3970X 32-Core Processor,192,16384,1.6909534490000624,,,400.83321400001296,,236.9970763464338,QC_PASS,True
2025-09-24T11:50:31.103743,rock-tobefilledbyoem,CPU,AMD Ryzen Threadripper 3970X 32-Core Processor,192,16384,1.632049109000036,,,388.9544789999927,,238.271820803361,QC_PASS,True
2025-09-24T11:50:36.102504,rock-tobefilledbyoem,CPU,AMD Ryzen Threadripper 3970X 32-Core Processor,192,16384,1.6521712040002967,,,393.156455999997,,237.91582666227703,QC_PASS,True
2025-09-24T11:50:40.999267,rock-tobefilledbyoem,CPU,AMD Ryzen Threadripper 3970X 32-Core Processor,192,16384,1.6406152740000834,,,390.82851199999277,,238.17270479924917,QC_PASS,True
2025-09-24T11:50:45.946605,rock-tobefilledbyoem,CPU,AMD Ryzen Threadripper 3970X 32-Core Processor,192,16384,1.6445224529998086,,,392.0200720000139,,238.33170062900408,QC_PASS,True
2025-09-24T11:50:50.856139,rock-tobefilledbyoem,CPU,AMD Ryzen Threadripper 3970X 32-Core Processor,224,16384,1.9918290209998304,,,523.0809819999995,,262.5683227075643,QC_PASS,True
2025-09-24T11:50:56.714443,rock-tobefilledbyoem,CPU,AMD Ryzen Threadripper 3970X 32-Core Processor,224,16384,1.8185438130003604,,,478.40041400000337,,263.01858742828716,QC_PASS,True
2025-09-24T11:51:02.270375,rock-tobefilledbyoem,CPU,AMD Ryzen Threadripper 3970X 32-Core Processor,224,16384,1.9528040389996022,,,513.9135160000005,,263.1203269248908,QC_PASS,True
2025-09-24T11:51:07.921542,rock-tobefilledbyoem,CPU,AMD Ryzen Threadripper 3970X 32-Core Processor,224,16384,1.866580003999843,,,491.58203000000503,,263.30926729704294,QC_PASS,True
2025-09-24T11:51:13.707138,rock-tobefilledbyoem,CPU,AMD Ryzen Threadripper 3970X 32-Core Processor,224,16384,1.9614515839994056,,,516.072708000007,,263.05952119819364,QC_PASS,True
2025-09-24T11:51:19.353812,rock-tobefilledbyoem,CPU,AMD Ryzen Threadripper 3970X 32-Core Processor,256,8192,1.1763736530001552,,,313.165353999997,,266.13398096860567,QC_ACCEPTABLE_SHORT,True
2025-09-24T11:51:22.930932,rock-tobefilledbyoem,CPU,AMD Ryzen Threadripper 3970X 32-Core Processor,256,8192,1.174099386999842,,,314.86365999998816,,268.09896115328723,QC_ACCEPTABLE_SHORT,True
2025-09-24T11:51:26.498944,rock-tobefilledbyoem,CPU,AMD Ryzen Threadripper 3970X 32-Core Processor,256,8192,1.1793619379996017,,,314.0666740000015,,266.2276013590395,QC_ACCEPTABLE_SHORT,True
2025-09-24T11:51:30.025208,rock-tobefilledbyoem,CPU,AMD Ryzen Threadripper 3970X 32-Core Processor,256,8192,1.1705976780003766,,,314.60403000000224,,268.6731266035319,QC_ACCEPTABLE_SHORT,True
2025-09-24T11:51:33.463417,rock-tobefilledbyoem,CPU,AMD Ryzen Threadripper 3970X 32-Core Processor,256,8192,1.1678198950003207,,,311.7849620000052,,266.9048747486188,QC_ACCEPTABLE_SHORT,True
2025-09-24T11:51:37.023198,rock-tobefilledbyoem,CPU,AMD Ryzen Threadripper 3970X 32-Core Processor,320,8192,1.7838594849999936,,,507.96198199999344,,284.70184764378166,QC_PASS,True
2025-09-24T11:51:42.309613,rock-tobefilledbyoem,CPU,AMD Ryzen Threadripper 3970X 32-Core Processor,320,8192,1.8676806399998895,,,529.037003999998,,283.2084064859489,QC_PASS,True
2025-09-24T11:51:47.706180,rock-tobefilledbyoem,CPU,AMD Ryzen Threadripper 3970X 32-Core Processor,320,8192,1.8996615490004842,,,537.2582419999962,,282.76791756020503,QC_PASS,True
2025-09-24T11:51:53.272196,rock-tobefilledbyoem,CPU,AMD Ryzen Threadripper 3970X 32-Core Processor,320,8192,1.7908820299999206,,,508.16332600000896,,283.694808245717,QC_PASS,True
2025-09-24T11:51:58.506101,rock-tobefilledbyoem,CPU,AMD Ryzen Threadripper 3970X 32-Core Processor,320,8192,1.890027077999548,,,534.3157819999906,,282.6505804023946,QC_PASS,True
2025-09-24T11:52:04.021444,rock-tobefilledbyoem,CPU,AMD Ryzen Threadripper 3970X 32-Core Processor,384,4096,1.2639609090001613,,,369.4620939999877,,292.2266638834618,QC_PASS,True
2025-09-24T11:52:07.904612,rock-tobefilledbyoem,CPU,AMD Ryzen Threadripper 3970X 32-Core Processor,384,4096,1.3505747529998189,,,391.20382999999856,,289.5862230910287,QC_PASS,True
2025-09-24T11:52:11.849107,rock-tobefilledbyoem,CPU,AMD Ryzen Threadripper 3970X 32-Core Processor,384,4096,1.3063713260007717,,,381.092902999997,,291.6449812735943,QC_PASS,True
2025-09-24T11:52:15.614707,rock-tobefilledbyoem,CPU,AMD Ryzen Threadripper 3970X 32-Core Processor,384,4096,1.3617618700000094,,,394.5252519999922,,289.6455792209911,QC_PASS,True
2025-09-24T11:52:19.570144,rock-tobefilledbyoem,CPU,AMD Ryzen Threadripper 3970X 32-Core Processor,384,4096,1.2811368990005576,,,373.96503599999414,,291.8250288010873,QC_PASS,True
2025-09-24T11:52:23.341876,rock-tobefilledbyoem,CPU,AMD Ryzen Threadripper 3970X 32-Core Processor,448,4096,1.773846539999795,,,544.1024780000007,,306.677159280155,QC_PASS,True
2025-09-24T11:52:28.758074,rock-tobefilledbyoem,CPU,AMD Ryzen Threadripper 3970X 32-Core Processor,448,4096,1.7747137699998348,,,543.9408330000151,,306.43755922105703,QC_PASS,True
2025-09-24T11:52:34.175569,rock-tobefilledbyoem,CPU,AMD Ryzen Threadripper 3970X 32-Core Processor,448,4096,1.7925208279993967,,,548.0020859999931,,305.65640258805826,QC_PASS,True
2025-09-24T11:52:39.626319,rock-tobefilledbyoem,CPU,AMD Ryzen Threadripper 3970X 32-Core Processor,448,4096,1.7628168729997924,,,541.3681219999999,,307.0449801765578,QC_PASS,True
2025-09-24T11:52:45.006916,rock-tobefilledbyoem,CPU,AMD Ryzen Threadripper 3970X 32-Core Processor,448,4096,1.7829020290000699,,,547.053740000003,,306.772761198281,QC_PASS,True
2025-09-24T11:52:50.479185,rock-tobefilledbyoem,CPU,AMD Ryzen Threadripper 3970X 32-Core Processor,512,2048,1.1397143849999338,,,336.65016200000537,,295.2907008189293,QC_ACCEPTABLE_SHORT,True
2025-09-24T11:52:53.804752,rock-tobefilledbyoem,CPU,AMD Ryzen Threadripper 3970X 32-Core Processor,512,2048,1.152167202999408,,,341.45333499999833,,296.26442194740736,QC_ACCEPTABLE_SHORT,True
2025-09-24T11:52:57.213446,rock-tobefilledbyoem,CPU,AMD Ryzen Threadripper 3970X 32-Core Processor,512,2048,1.1470271889993455,,,339.39663299999665,,295.8005287815011,QC_ACCEPTABLE_SHORT,True
2025-09-24T11:53:00.583246,rock-tobefilledbyoem,CPU,AMD Ryzen Threadripper 3970X 32-Core Processor,512,2048,1.1378177810001944,,,336.96682599998894,,296.0569282606146,QC_ACCEPTABLE_SHORT,True
2025-09-24T11:53:04.043783,rock-tobefilledbyoem,CPU,AMD Ryzen Threadripper 3970X 32-Core Processor,512,2048,1.1323503849998815,,,334.3092800000013,,295.142750577897,QC_ACCEPTABLE_SHORT,True
2025-09-24T11:53:07.414661,rock-tobefilledbyoem,CPU,AMD Ryzen Threadripper 3970X 32-Core Processor,640,2048,1.777539290000277,,,570.0324719999917,,320.62456158575924,QC_PASS,True
2025-09-24T11:53:12.873961,rock-tobefilledbyoem,CPU,AMD Ryzen Threadripper 3970X 32-Core Processor,640,2048,1.839789861999634,,,586.2405260000087,,318.5872538710277,QC_PASS,True
2025-09-24T11:53:18.393675,rock-tobefilledbyoem,CPU,AMD Ryzen Threadripper 3970X 32-Core Processor,640,2048,1.7742703579997396,,,569.7372599999944,,321.04762960428303,QC_PASS,True
2025-09-24T11:53:23.844549,rock-tobefilledbyoem,CPU,AMD Ryzen Threadripper 3970X 32-Core Processor,640,2048,1.8605606640003316,,,591.8297760000132,,318.030255601134,QC_PASS,True
2025-09-24T11:53:29.419727,rock-tobefilledbyoem,CPU,AMD Ryzen Threadripper 3970X 32-Core Processor,640,2048,1.7674592670000493,,,568.1250980000041,,321.3733737454533,QC_PASS,True
2025-09-24T11:53:34.848549,rock-tobefilledbyoem,CPU,AMD Ryzen Threadripper 3970X 32-Core Processor,768,1024,1.2660548649992052,,,406.1811420000013,,320.73838098121297,QC_PASS,True
2025-09-24T11:53:38.632086,rock-tobefilledbyoem,CPU,AMD Ryzen Threadripper 3970X 32-Core Processor,768,1024,1.345910799000194,,,425.59008199999516,,316.12731713833716,QC_PASS,True
2025-09-24T11:53:42.626530,rock-tobefilledbyoem,CPU,AMD Ryzen Threadripper 3970X 32-Core Processor,768,1024,1.3531494389999352,,,427.5820740000054,,315.90908359487327,QC_PASS,True
2025-09-24T11:53:46.589264,rock-tobefilledbyoem,CPU,AMD Ryzen Threadripper 3970X 32-Core Processor,768,1024,1.282111306999468,,,,,,QC_PASS,True
2025-09-24T11:53:51.883867,rock-tobefilledbyoem,CPU,AMD Ryzen Threadripper 3970X 32-Core Processor,768,1024,1.2674965220003287,,,405.86579200000006,,320.1244204733678,QC_PASS,True
2025-09-24T11:53:55.764366,rock-tobefilledbyoem,CPU,AMD Ryzen Threadripper 3970X 32-Core Processor,896,1024,1.9024064110008112,,,641.4273400000002,,337.1028261488802,QC_PASS,True
2025-09-24T11:54:01.288544,rock-tobefilledbyoem,CPU,AMD Ryzen Threadripper 3970X 32-Core Processor,896,1024,1.8757124160001695,,,635.3458360000004,,338.6569001161096,QC_PASS,True
2025-09-24T11:54:06.741993,rock-tobefilledbyoem,CPU,AMD Ryzen Threadripper 3970X 32-Core Processor,896,1024,1.882133692000025,,,636.2327379999997,,337.976629972065,QC_PASS,True
2025-09-24T11:54:12.214164,rock-tobefilledbyoem,CPU,AMD Ryzen Threadripper 3970X 32-Core Processor,896,1024,1.8713206359998367,,,633.9406060000001,,338.698269108698,QC_PASS,True
2025-09-24T11:54:17.657133,rock-tobefilledbyoem,CPU,AMD Ryzen Threadripper 3970X 32-Core Processor,896,1024,1.8815244529996562,,,636.5455870000005,,338.25029784560894,QC_PASS,True
2025-09-24T11:54:23.129788,rock-tobefilledbyoem,CPU,AMD Ryzen Threadripper 3970X 32-Core Processor,1024,512,1.344622263999554,,,451.47924599999897,,335.62739316662186,QC_PASS,True
2025-09-24T11:54:27.169995,rock-tobefilledbyoem,CPU,AMD Ryzen Threadripper 3970X 32-Core Processor,1024,512,1.20142722699984,,,415.5661560000008,,345.79144470628376,QC_PASS,True
2025-09-24T11:54:30.910524,rock-tobefilledbyoem,CPU,AMD Ryzen Threadripper 3970X 32-Core Processor,1024,512,1.2281704719998743,,,421.8165790000003,,343.34549545279214,QC_PASS,True
2025-09-24T11:54:34.626158,rock-tobefilledbyoem,CPU,AMD Ryzen Threadripper 3970X 32-Core Processor,1024,512,1.2050962260000233,,,416.8351939999993,,345.79381501114716,QC_PASS,True
2025-09-24T11:54:38.375145,rock-tobefilledbyoem,CPU,AMD Ryzen Threadripper 3970X 32-Core Processor,1024,512,1.2557978640006695,,,429.1507190000011,,341.6400344782021,QC_PASS,True
2025-09-24T11:54:42.157038,rock-tobefilledbyoem,CPU,AMD Ryzen Threadripper 3970X 32-Core Processor,1152,512,1.6615619100002732,,,598.7324640000006,,360.2278943188681,QC_PASS,True
2025-09-24T11:54:47.103946,rock-tobefilledbyoem,CPU,AMD Ryzen Threadripper 3970X 32-Core Processor,1152,512,1.568817988999399,,,576.7766609999999,,367.54437669996616,QC_PASS,True
2025-09-24T11:54:51.777486,rock-tobefilledbyoem,CPU,AMD Ryzen Threadripper 3970X 32-Core Processor,1152,512,1.5907781220003017,,,582.8350619999983,,366.2839619168203,QC_PASS,True
2025-09-24T11:54:56.463104,rock-tobefilledbyoem,CPU,AMD Ryzen Threadripper 3970X 32-Core Processor,1152,512,1.530489826000121,,,566.2834589999984,,369.89885749478816,QC_PASS,True
2025-09-24T11:55:01.031427,rock-tobefilledbyoem,CPU,AMD Ryzen Threadripper 3970X 32-Core Processor,1152,512,1.581536190999941,,,580.2166060000018,,366.7694601476971,QC_PASS,True
2025-09-24T11:55:05.665930,rock-tobefilledbyoem,CPU,AMD Ryzen Threadripper 3970X 32-Core Processor,1280,256,1.0748578889997589,,,382.96188600000096,,356.1461246029289,QC_ACCEPTABLE_SHORT,True
2025-09-24T11:55:08.780197,rock-tobefilledbyoem,CPU,AMD Ryzen Threadripper 3970X 32-Core Processor,1280,256,1.1236840199999278,,,393.59826800000155,,350.1273055496504,QC_ACCEPTABLE_SHORT,True
2025-09-24T11:55:12.189352,rock-tobefilledbyoem,CPU,AMD Ryzen Threadripper 3970X 32-Core Processor,1280,256,1.0127708410000196,,,367.04504400000224,,362.25307697947557,QC_ACCEPTABLE_SHORT,True
2025-09-24T11:55:15.635464,rock-tobefilledbyoem,CPU,AMD Ryzen Threadripper 3970X 32-Core Processor,1280,256,1.204570483999305,,,411.76794999999765,,341.70378217773344,QC_PASS,True
2025-09-24T11:55:19.200749,rock-tobefilledbyoem,CPU,AMD Ryzen Threadripper 3970X 32-Core Processor,1280,256,0.9629926360003083,,,355.67079999999623,,369.1528045533441,QC_CRITICAL_TOO_SHORT,True
2025-09-24T11:55:22.617721,rock-tobefilledbyoem,CPU,AMD Ryzen Threadripper 3970X 32-Core Processor,1408,256,1.7088358199998765,,,587.8363299999983,,343.88694825696643,QC_PASS,True
2025-09-24T11:55:26.980376,rock-tobefilledbyoem,CPU,AMD Ryzen Threadripper 3970X 32-Core Processor,1408,256,1.3193970530001025,,,498.6771840000001,,377.8077172629706,QC_PASS,True
2025-09-24T11:55:31.005622,rock-tobefilledbyoem,CPU,AMD Ryzen Threadripper 3970X 32-Core Processor,1408,256,1.3089492879998943,,,496.58113199999934,,379.2256979744041,QC_PASS,True
2025-09-24T11:55:34.925132,rock-tobefilledbyoem,CPU,AMD Ryzen Threadripper 3970X 32-Core Processor,1408,256,1.3553350949996457,,,507.62618400000065,,374.3888911678335,QC_PASS,True
2025-09-24T11:55:38.897389,rock-tobefilledbyoem,CPU,AMD Ryzen Threadripper 3970X 32-Core Processor,1408,256,1.33163139699991,,,502.5651959999959,,377.25815366578314,QC_PASS,True
2025-09-24T11:55:42.838318,rock-tobefilledbyoem,CPU,AMD Ryzen Threadripper 3970X 32-Core Processor,1536,256,1.3981253980000474,,,551.0743150000053,,393.99523208519855,QC_PASS,True
2025-09-24T11:55:47.130717,rock-tobefilledbyoem,CPU,AMD Ryzen Threadripper 3970X 32-Core Processor,1536,256,1.3535675940001966,,,538.6465219999955,,397.7866510082779,QC_PASS,True
2025-09-24T11:55:51.264878,rock-tobefilledbyoem,CPU,AMD Ryzen Threadripper 3970X 32-Core Processor,1536,256,1.3209760409999944,,,530.2234339999995,,401.21761121295765,QC_PASS,True
2025-09-24T11:55:55.392308,rock-tobefilledbyoem,CPU,AMD Ryzen Threadripper 3970X 32-Core Processor,1536,256,1.625431049999861,,,611.6744220000037,,376.18092794345864,QC_PASS,True
2025-09-24T11:55:59.816553,rock-tobefilledbyoem,CPU,AMD Ryzen Threadripper 3970X 32-Core Processor,1536,256,1.4978497210004207,,,577.868859000002,,385.6556515030712,QC_PASS,True
